brand,scr_path,pred_brand
DHL,apwg451514/2021-07/2021-07-20/2021-07-20-367.png,snapchat
PayPal,apwg451514/2021-07/2021-07-20/2021-07-20-1670.png,American Express
Facebook,apwg451514/2021-07/2021-07-20/2021-07-20-2031.png,Amazon
Facebook,apwg451514/2021-07/2021-07-20/2021-07-20-2097.png,Amazon
DHL,apwg451514/2021-07/2021-07-20/2021-07-20-3331.png,snapchat
Facebook,apwg451514/2021-07/2021-07-21/2021-07-21-3779.png,SunTrust Bank
Credit Agricole,apwg451514/2021-07/2021-07-29/2021-07-29-8003.png,fsnb
Credit Agricole,apwg451514/2021-07/2021-07-24/2021-07-24-9596.png,cogeco
UniCredit,apwg451514/2021-07/2021-07-16/2021-07-16-11085.png,Steam
Credit Agricole,apwg451514/2021-07/2021-07-16/2021-07-16-11575.png,fsnb
Facebook,apwg451514/2021-07/2021-07-30/2021-07-30-21485.png,
Credit Agricole,apwg451514/2021-08/2021-08-06/2021-08-06-1593.png,fsnb
Credit Agricole,apwg451514/2021-08/2021-08-18/2021-08-18-9554.png,fsnb
Credit Agricole,apwg451514/2021-08/2021-08-05/2021-08-05-16266.png,cogeco
DHL,apwg451514/2021-08/2021-08-05/2021-08-05-16843.png,La Poste
ING Group,apwg451514/2021-08/2021-08-05/2021-08-05-18055.png,TradeKey
Credit Agricole,apwg451514/2021-08/2021-08-03/2021-08-03-19417.png,fsnb
Credit Agricole,apwg451514/2021-08/2021-08-03/2021-08-03-19765.png,fsnb
Societe Generale Group,apwg451514/2021-08/2021-08-11/2021-08-11-30118.png,bradesco
Microsoft 365,apwg451514/2021-08/2021-08-14/2021-08-14-41643.png,bradesco
Microsoft 365,apwg451514/2021-08/2021-08-14/2021-08-14-41907.png,bradesco
Microsoft 365,apwg451514/2021-08/2021-08-14/2021-08-14-42288.png,bradesco
Microsoft 365,apwg451514/2021-08/2021-08-14/2021-08-14-44796.png,bradesco
Lloyds Bank,apwg451514/2021-08/2021-08-04/2021-08-04-47313.png,ieee
Microsoft 365,apwg451514/2021-08/2021-08-13/2021-08-13-49747.png,bradesco
Chase Bank,apwg451514/2021-08/2021-08-26/2021-08-26-51828.png,Lloyds TSB Group
Timeweb,apwg451514/2021-08/2021-08-26/2021-08-26-52199.png,Apple
Credit Agricole,apwg451514/2021-09/2021-09-16/2021-09-16-1473.png,fsnb
Adobe,apwg451514/2021-09/2021-09-28/2021-09-28-2269.png,htb
Facebook,apwg451514/2021-09/2021-09-29/2021-09-29-4857.png,Credit Suisse AG
DHL,apwg451514/2021-09/2021-09-01/2021-09-01-10231.png,DHL
Credit Agricole,apwg451514/2021-09/2021-09-18/2021-09-18-11145.png,fsnb
Bank of America,apwg451514/2021-09/2021-09-23/2021-09-23-20411.png,Itau Unibanco S.A
Adobe,apwg451514/2021-09/2021-09-14/2021-09-14-22008.png,LinkedIn Corporation
Bank of America,apwg451514/2021-09/2021-09-27/2021-09-27-24322.png,cathay_bank
LinkedIn,apwg451514/2021-09/2021-09-27/2021-09-27-25123.png,Bank of Montreal
"Rakuten Group, Inc.",apwg451514/2021-09/2021-09-05/2021-09-05-28919.png,UBS AG
Facebook,apwg451514/2021-09/2021-09-30/2021-09-30-33350.png,cogeco
Wells Fargo Bank,apwg451514/2021-09/2021-09-30/2021-09-30-33888.png,Canadian Imperial Bank of Commerce
Wells Fargo Bank,apwg451514/2021-09/2021-09-24/2021-09-24-38367.png,Sparkasse Bank
Wells Fargo Bank,apwg451514/2021-09/2021-09-24/2021-09-24-38541.png,Canadian Imperial Bank of Commerce
Wells Fargo Bank,apwg451514/2021-10/2021-10-26/2021-10-26-1000.png,Sparkasse Bank
Facebook,apwg451514/2021-10/2021-10-13/2021-10-13-20219.png,cogeco
Wells Fargo Bank,apwg451514/2021-10/2021-10-13/2021-10-13-22494.png,Wells Fargo & Company
Wells Fargo Bank,apwg451514/2021-10/2021-10-13/2021-10-13-25171.png,smiles
Facebook,apwg451514/2021-10/2021-10-19/2021-10-19-56093.png,cogeco
Wells Fargo Bank,apwg451514/2021-10/2021-10-19/2021-10-19-56883.png,IBC Bank
Credit Agricole,apwg451514/2021-10/2021-10-22/2021-10-22-63008.png,cogeco
Wells Fargo Bank,apwg451514/2021-10/2021-10-22/2021-10-22-63039.png,fsnb
Facebook,apwg451514/2021-10/2021-10-27/2021-10-27-64197.png,cogeco
Santander Bank,apwg451514/2021-10/2021-10-02/2021-10-02-77127.png,Landesbank Berlin AG
Facebook,apwg451514/2021-10/2021-10-14/2021-10-14-82276.png,
Wells Fargo Bank,apwg451514/2021-10/2021-10-18/2021-10-18-101902.png,grupo_bancolombia
Chase Bank,apwg451514/2021-10/2021-10-18/2021-10-18-108295.png,tech_target
DHL,apwg451514/2021-10/2021-10-24/2021-10-24-109511.png,DHL
Facebook,apwg451514/2021-10/2021-10-11/2021-10-11-120797.png,
Itau,apwg451514/2021-10/2021-10-11/2021-10-11-124603.png,fnac
Wells Fargo Bank,apwg451514/2021-10/2021-10-11/2021-10-11-126450.png,Sparkasse Bank
Chase Bank,apwg451514/2021-10/2021-10-11/2021-10-11-126889.png,azul
Orange,apwg451514/2021-10/2021-10-30/2021-10-30-132320.png,cathay_bank
DHL,apwg451514/2021-10/2021-10-30/2021-10-30-133561.png,DHL
Wells Fargo Bank,apwg451514/2021-10/2021-10-28/2021-10-28-135981.png,smiles
Credit Agricole,apwg451514/2021-10/2021-10-31/2021-10-31-139156.png,cogeco
AT&T,apwg451514/2021-10/2021-10-08/2021-10-08-149033.png,capital_one
Netflix,apwg451514/2021-10/2021-10-09/2021-10-09-174536.png,Netflix
Wells Fargo Bank,apwg451514/2021-10/2021-10-25/2021-10-25-176405.png,smiles
Amazon,apwg451514/2021-10/2021-10-25/2021-10-25-176436.png,grupo_bancolombia
Facebook,apwg451514/2021-10/2021-10-25/2021-10-25-178063.png,cogeco
ING Group,apwg451514/2021-10/2021-10-25/2021-10-25-179233.png,typeform
eBay,apwg451514/2021-10/2021-10-05/2021-10-05-180502.png,strato
Square Bank,apwg451514/2021-10/2021-10-21/2021-10-21-182520.png,
Bank of America,apwg451514/2021-10/2021-10-21/2021-10-21-182711.png,American Express
Wells Fargo Bank,apwg451514/2021-10/2021-10-21/2021-10-21-184879.png,fsnb
Facebook,apwg451514/2021-10/2021-10-17/2021-10-17-203528.png,Credit Suisse AG
Wells Fargo Bank,apwg451514/2021-10/2021-10-15/2021-10-15-213776.png,Sparkasse Bank
Wells Fargo Bank,apwg451514/2021-10/2021-10-10/2021-10-10-224405.png,Deutsche Telekom
La Banque Postale,apwg451514/2021-10/2021-10-06/2021-10-06-226495.png,fsnb
ASB Bank,apwg451514/2021-11/2021-11-02/2021-11-02-32767.png,RuneScape
BT Group,apwg451514/2021-11/2021-11-17/2021-11-17-35035.png,RBC Royal Bank
ASB Bank,apwg451514/2021-11/2021-11-17/2021-11-17-35556.png,Steam
DHL,apwg451514/2021-11/2021-11-27/2021-11-27-45568.png,walmart
DHL,apwg451514/2021-11/2021-11-27/2021-11-27-57559.png,walmart
ING Group,apwg451514/2021-11/2021-11-30/2021-11-30-70279.png,Yahoo!
Santander Bank,apwg451514/2021-11/2021-11-16/2021-11-16-82994.png,First Investment Bank
Wells Fargo Bank,apwg451514/2021-11/2021-11-03/2021-11-03-86070.png,Sparkasse Bank
Microsoft Bing,apwg451514/2021-11/2021-11-03/2021-11-03-86119.png,Apple
Microsoft Bing,apwg451514/2021-11/2021-11-18/2021-11-18-91923.png,AT&T
YouTube,apwg451514/2021-11/2021-11-20/2021-11-20-92910.png,First Investment Bank
YouTube,apwg451514/2021-11/2021-11-21/2021-11-21-95993.png,youtube
Orange,apwg451514/2021-11/2021-11-10/2021-11-10-98085.png,cathay_bank
Chase Bank,apwg451514/2021-11/2021-11-10/2021-11-10-98151.png,United Services Automobile Association
Chase Bank,apwg451514/2021-11/2021-11-10/2021-11-10-99496.png,knab
Chase Bank,apwg451514/2021-11/2021-11-10/2021-11-10-99756.png,knab
Chase Bank,apwg451514/2021-11/2021-11-10/2021-11-10-102162.png,knab
Wells Fargo Bank,apwg451514/2021-11/2021-11-10/2021-11-10-102270.png,smiles
Itau,apwg451514/2021-11/2021-11-25/2021-11-25-109121.png,youtube
Wells Fargo Bank,apwg451514/2021-11/2021-11-29/2021-11-29-126832.png,Absa Group
Santander Bank,apwg451514/2021-11/2021-11-12/2021-11-12-139292.png,First Investment Bank
Facebook,apwg451514/2021-11/2021-11-12/2021-11-12-140181.png,cogeco
Wells Fargo Bank,apwg451514/2021-11/2021-11-12/2021-11-12-140883.png,smiles
International Card Services,apwg451514/2021-11/2021-11-12/2021-11-12-141081.png,grupo_bancolombia
Wells Fargo Bank,apwg451514/2021-11/2021-11-08/2021-11-08-141220.png,Canadian Imperial Bank of Commerce
Microsoft 365,apwg451514/2021-11/2021-11-08/2021-11-08-141236.png,Microsoft OneDrive
Alaska USA Federal Credit Union,apwg451514/2021-11/2021-11-08/2021-11-08-141614.png,SunTrust Bank
Huntington Bank,apwg451514/2021-11/2021-11-08/2021-11-08-141840.png,timeweb
Wells Fargo Bank,apwg451514/2021-11/2021-11-08/2021-11-08-141932.png,Wells Fargo & Company
Wells Fargo Bank,apwg451514/2021-11/2021-11-08/2021-11-08-143462.png,Deutsche Telekom
Chase Bank,apwg451514/2021-11/2021-11-08/2021-11-08-144023.png,knab
Wells Fargo Bank,apwg451514/2021-11/2021-11-13/2021-11-13-150039.png,Deutsche Telekom
DHL,apwg451514/2021-11/2021-11-13/2021-11-13-150355.png,Alibaba
Facebook,apwg451514/2021-11/2021-11-09/2021-11-09-154150.png,
Wells Fargo Bank,apwg451514/2021-11/2021-11-09/2021-11-09-154622.png,Absa Group
Chase Bank,apwg451514/2021-11/2021-11-09/2021-11-09-154908.png,United Services Automobile Association
Facebook,apwg451514/2021-11/2021-11-09/2021-11-09-157965.png,cogeco
Wells Fargo Bank,apwg451514/2021-11/2021-11-19/2021-11-19-170624.png,Wells Fargo & Company
YouTube,apwg451514/2021-11/2021-11-19/2021-11-19-175502.png,eBay
Santander Bank,apwg451514/2021-11/2021-11-11/2021-11-11-176266.png,First Investment Bank
Orange,apwg451514/2021-11/2021-11-11/2021-11-11-177140.png,cathay_bank
Wells Fargo Bank,apwg451514/2021-11/2021-11-11/2021-11-11-178955.png,DHL
Orange,apwg451514/2021-11/2021-11-11/2021-11-11-179397.png,cathay_bank
Wells Fargo Bank,apwg451514/2021-11/2021-11-11/2021-11-11-181036.png,Wells Fargo & Company
Credit Agricole,apwg451514/2021-11/2021-11-15/2021-11-15-182104.png,fsnb
Facebook,apwg451514/2021-11/2021-11-15/2021-11-15-182811.png,cogeco
Santander Bank,apwg451514/2021-11/2021-11-15/2021-11-15-185309.png,First Investment Bank
Square Bank,apwg451514/2021-11/2021-11-15/2021-11-15-187296.png,
American Express,apwg451514/2021-12/2021-12-28/2021-12-28-1024.png,AT&T
Credit Agricole,apwg451514/2021-12/2021-12-14/2021-12-14-4682.png,cogeco
Chase Bank,apwg451514/2021-12/2021-12-13/2021-12-13-5048.png,ms_skype
DHL,apwg451514/2021-12/2021-12-15/2021-12-15-6349.png,DHL
Facebook,apwg451514/2021-12/2021-12-22/2021-12-22-33170.png,banco_de_occidente
Bank of America,apwg451514/2021-12/2021-12-20/2021-12-20-35295.png,Bank of America
Wells Fargo Bank,apwg451514/2021-12/2021-12-19/2021-12-19-36288.png,capital_one
Wells Fargo Bank,apwg451514/2021-12/2021-12-19/2021-12-19-36496.png,Alibaba
Swisscom AG,apwg451514/2021-12/2021-12-07/2021-12-07-39098.png,"Twitter, Inc"
ING Group,apwg451514/2021-12/2021-12-01/2021-12-01-58462.png,Yahoo!
Santander Bank,apwg451514/2021-12/2021-12-02/2021-12-02-80074.png,First Investment Bank
AT&T,apwg451514/2021-12/2021-12-17/2021-12-17-88671.png,
Wells Fargo Bank,apwg451514/2021-12/2021-12-17/2021-12-17-89050.png,Deutsche Telekom
Chase Bank,apwg451514/2021-12/2021-12-16/2021-12-16-90209.png,Microsoft OneDrive
Facebook,apwg451514/2022-01/2022-01-20/2022-01-20-126.png,LinkedIn Corporation
Facebook,apwg451514/2022-01/2022-01-14/2022-01-14-4058.png,SunTrust Bank
Wells Fargo Bank,apwg451514/2022-01/2022-01-10/2022-01-10-5685.png,banco_inter
Alaska USA Federal Credit Union,apwg451514/2022-01/2022-01-13/2022-01-13-6926.png,SunTrust Bank
Facebook,apwg451514/2022-01/2022-01-27/2022-01-27-11712.png,Daum
Alaska USA Federal Credit Union,apwg451514/2022-01/2022-01-27/2022-01-27-12717.png,SunTrust Bank
Instagram,apwg451514/2022-01/2022-01-27/2022-01-27-12788.png,Frontier Communications
Facebook,apwg451514/2022-01/2022-01-16/2022-01-16-13419.png,banco_de_occidente
Bank of America,apwg451514/2022-01/2022-01-31/2022-01-31-15104.png,Bank of America
Facebook,apwg451514/2022-01/2022-01-22/2022-01-22-16707.png,RBC Royal Bank
Adobe,apwg451514/2022-01/2022-01-28/2022-01-28-19021.png,Microsoft OneDrive
Chronopost International,apwg451514/2022-01/2022-01-06/2022-01-06-38233.png,smartsheet
Huntington Bank,apwg451514/2022-01/2022-01-06/2022-01-06-38948.png,db
Instagram,apwg451514/2022-02/2022-02-02/2022-02-02-1447.png,smiles
Facebook,apwg451514/2022-02/2022-02-16/2022-02-16-2854.png,Facebook
WhatsApp,apwg451514/2022-02/2022-02-16/2022-02-16-3193.png,WhatsApp
Chase Bank,apwg451514/2022-02/2022-02-07/2022-02-07-4117.png,knab
DHL,apwg451514/2022-02/2022-02-07/2022-02-07-5111.png,DHL
Facebook,apwg451514/2022-02/2022-02-23/2022-02-23-6094.png,Global Sources HK
WhatsApp,apwg451514/2022-02/2022-02-23/2022-02-23-6896.png,WhatsApp
Facebook,apwg451514/2022-02/2022-02-11/2022-02-11-8195.png,Facebook
Facebook,apwg451514/2022-02/2022-02-27/2022-02-27-8410.png,SunTrust Bank
Wells Fargo Bank,apwg451514/2022-02/2022-02-27/2022-02-27-8809.png,Vodafone
Facebook,apwg451514/2022-02/2022-02-27/2022-02-27-9032.png,sharp
Wells Fargo Bank,apwg451514/2022-02/2022-02-04/2022-02-04-10915.png,bradesco
Instagram,apwg451514/2022-02/2022-02-04/2022-02-04-12088.png,otrs
Facebook,apwg451514/2022-02/2022-02-08/2022-02-08-15759.png,CaixaBank
Santander Bank,apwg451514/2022-02/2022-02-08/2022-02-08-16084.png,Itau Unibanco S.A
Halifax,apwg451514/2022-02/2022-02-15/2022-02-15-24593.png,1&1 Ionos
Wells Fargo Bank,apwg451514/2022-02/2022-02-10/2022-02-10-28817.png,Absa Group
Wells Fargo Bank,apwg451514/2022-02/2022-02-10/2022-02-10-29645.png,Absa Group
Facebook,apwg451514/2022-02/2022-02-14/2022-02-14-36092.png,banco_de_occidente
Instagram,apwg451514/2022-02/2022-02-12/2022-02-12-38886.png,Frontier Communications
Facebook,apwg451514/2022-03/2022-03-15/2022-03-15-8015.png,barclays
Credit Agricole,apwg451514/2022-03/2022-03-21/2022-03-21-13003.png,cogeco
Facebook,apwg451514/2022-03/2022-03-30/2022-03-30-14556.png,CaixaBank
Facebook,apwg451514/2022-03/2022-03-14/2022-03-14-20925.png,Chase Personal Banking
DHL,apwg451514/2022-03/2022-03-14/2022-03-14-21761.png,grupo_bancolombia
Instagram,apwg451514/2022-03/2022-03-11/2022-03-11-25785.png,Adobe
Instagram,apwg451514/2022-03/2022-03-11/2022-03-11-26031.png,cathay_bank
Instagram,apwg451514/2022-03/2022-03-25/2022-03-25-28277.png,smiles
GoDaddy,apwg451514/2022-03/2022-03-31/2022-03-31-46637.png,
Huntington Bank,apwg451514/2022-03/2022-03-31/2022-03-31-49875.png,htb
Instagram,apwg451514/2022-03/2022-03-13/2022-03-13-62600.png,
Facebook,apwg451514/2022-03/2022-03-03/2022-03-03-75964.png,Bank of Montreal
Netflix,apwg451514/2022-03/2022-03-01/2022-03-01-79818.png,Netflix
Facebook,apwg451514/2022-03/2022-03-09/2022-03-09-90730.png,
Facebook,apwg451514/2022-03/2022-03-06/2022-03-06-91492.png,Daum
La Banque Postale,apwg451514/2022-04/2022-04-07/2022-04-07-295.png,fsnb
Wells Fargo Bank,apwg451514/2022-04/2022-04-17/2022-04-17-11382.png,Wells Fargo & Company
Sparkasse,apwg451514/2022-04/2022-04-17/2022-04-17-34259.png,Sparkasse Bank
Sparkasse,apwg451514/2022-04/2022-04-17/2022-04-17-44756.png,Sparkasse Bank
Sparkasse,apwg451514/2022-04/2022-04-17/2022-04-17-57326.png,Sparkasse Bank
Sparkasse,apwg451514/2022-04/2022-04-17/2022-04-17-58851.png,Sparkasse Bank
Instagram,apwg451514/2022-04/2022-04-05/2022-04-05-67405.png,smiles
Instagram,apwg451514/2022-04/2022-04-05/2022-04-05-71111.png,smiles
Facebook,apwg451514/2022-04/2022-04-05/2022-04-05-71390.png,
Outlook,apwg451514/2022-04/2022-04-20/2022-04-20-75348.png,Bank of Montreal
Facebook,apwg451514/2022-04/2022-04-01/2022-04-01-77256.png,barclays
Bank of America,apwg451514/2022-04/2022-04-01/2022-04-01-78652.png,Bank of America
Wells Fargo Bank,apwg451514/2022-04/2022-04-10/2022-04-10-82141.png,fsnb
PayPal,apwg451514/2022-04/2022-04-10/2022-04-10-83062.png,
Facebook,apwg451514/2022-04/2022-04-10/2022-04-10-85198.png,walmart
Facebook,apwg451514/2022-04/2022-04-24/2022-04-24-87854.png,SunTrust Bank
Microsoft Bing,apwg451514/2022-04/2022-04-24/2022-04-24-91850.png,Steam
Wells Fargo Bank,apwg451514/2022-04/2022-04-16/2022-04-16-117107.png,fsnb
Sparkasse,apwg451514/2022-04/2022-04-16/2022-04-16-135791.png,Sparkasse Bank
Sparkasse,apwg451514/2022-04/2022-04-16/2022-04-16-141356.png,Sparkasse Bank
Wells Fargo Bank,apwg451514/2022-04/2022-04-12/2022-04-12-164388.png,fsnb
DHL,apwg451514/2022-04/2022-04-04/2022-04-04-181507.png,arnet_tech
Sparkasse,apwg451514/2022-04/2022-04-19/2022-04-19-210887.png,Sparkasse Bank
DHL,apwg451514/2022-04/2022-04-19/2022-04-19-210968.png,snapchat
Wells Fargo Bank,apwg451514/2022-04/2022-04-09/2022-04-09-243315.png,fsnb
Instagram,apwg451514/2022-04/2022-04-26/2022-04-26-247467.png,Webmail Provider
Wells Fargo Bank,apwg451514/2022-04/2022-04-26/2022-04-26-249017.png,smiles
Wells Fargo Bank,apwg451514/2022-04/2022-04-26/2022-04-26-294237.png,smiles
Microsoft Bing,apwg451514/2022-04/2022-04-25/2022-04-25-309269.png,sharp
Instagram,apwg451514/2022-04/2022-04-25/2022-04-25-311698.png,MWeb
Sparkasse,apwg451514/2022-04/2022-04-25/2022-04-25-321216.png,Sparkasse Bank
Wells Fargo Bank,apwg451514/2022-04/2022-04-14/2022-04-14-348622.png,fsnb
Adobe,apwg451514/2022-04/2022-04-21/2022-04-21-382198.png,LinkedIn Corporation
Chase Bank,apwg451514/2022-04/2022-04-23/2022-04-23-389394.png,smartsheet
Sparkasse,apwg451514/2022-04/2022-04-18/2022-04-18-414130.png,Sparkasse Bank
Wells Fargo Bank,apwg451514/2022-04/2022-04-18/2022-04-18-423041.png,fsnb
Sparkasse,apwg451514/2022-04/2022-04-18/2022-04-18-425883.png,Sparkasse Bank
Wells Fargo Bank,apwg451514/2022-04/2022-04-18/2022-04-18-428591.png,fsnb
Wells Fargo Bank,apwg451514/2022-04/2022-04-06/2022-04-06-440962.png,Wells Fargo & Company
Walmart,apwg451514/2022-04/2022-04-27/2022-04-27-451336.png,grupo_bancolombia
Walmart,apwg451514/2022-04/2022-04-27/2022-04-27-457030.png,grupo_bancolombia
Walmart,apwg451514/2022-04/2022-04-27/2022-04-27-459025.png,grupo_bancolombia
Walmart,apwg451514/2022-04/2022-04-27/2022-04-27-460947.png,grupo_bancolombia
Facebook,apwg451514/2022-04/2022-04-27/2022-04-27-466480.png,momentum_office_design
Sparkasse,apwg451514/2022-04/2022-04-27/2022-04-27-470197.png,Sparkasse Bank
Sparkasse,apwg451514/2022-04/2022-04-15/2022-04-15-503202.png,Sparkasse Bank
Sparkasse,apwg451514/2022-04/2022-04-15/2022-04-15-505225.png,Sparkasse Bank
Sparkasse,apwg451514/2022-04/2022-04-15/2022-04-15-524296.png,Sparkasse Bank
Facebook,apwg451514/2022-04/2022-04-15/2022-04-15-533145.png,ieee
Sparkasse,apwg451514/2022-04/2022-04-13/2022-04-13-557971.png,Sparkasse Bank
Facebook,apwg451514/2022-04/2022-04-22/2022-04-22-586406.png,momentum_office_design
DHL,apwg451514/2022-05/2022-05-03/2022-05-03-16332.png,fnac
Facebook,apwg451514/2022-05/2022-05-08/2022-05-08-20338.png,ieee
Facebook,apwg451514/2022-05/2022-05-08/2022-05-08-23663.png,Bank of Montreal
Facebook,apwg451514/2022-05/2022-05-08/2022-05-08-23769.png,eBay
ING Group,apwg451514/2022-05/2022-05-04/2022-05-04-35261.png,Netflix
Netflix,apwg451514/2022-05/2022-05-04/2022-05-04-36323.png,Netflix
Facebook,apwg451514/2022-05/2022-05-04/2022-05-04-44508.png,Chase Personal Banking
Credit Agricole,apwg451514/2022-05/2022-05-05/2022-05-05-46748.png,cogeco
DHL,apwg451514/2022-05/2022-05-05/2022-05-05-47177.png,Alibaba
Yahoo,apwg451514/2022-05/2022-05-19/2022-05-19-57859.png,International Card Services B.V
Facebook,apwg451514/2022-05/2022-05-16/2022-05-16-60466.png,SunTrust Bank
DHL,apwg451514/2022-05/2022-05-16/2022-05-16-62032.png,Alibaba
"Rakuten Group, Inc.",apwg451514/2022-05/2022-05-16/2022-05-16-62040.png,UBS AG
Facebook,apwg451514/2022-05/2022-05-01/2022-05-01-62949.png,SunTrust Bank
Facebook,apwg451514/2022-05/2022-05-23/2022-05-23-67341.png,
Naver Corporation,apwg451514/2022-05/2022-05-23/2022-05-23-67440.png,SunTrust Bank
AT&T,apwg451514/2022-05/2022-05-10/2022-05-10-78239.png,PayPal
Chase Bank,apwg451514/2022-05/2022-05-20/2022-05-20-79134.png,CaixaBank
Facebook,apwg451514/2022-05/2022-05-02/2022-05-02-84211.png,1&1 Ionos
Facebook,apwg451514/2022-05/2022-05-21/2022-05-21-86604.png,walmart
"Rakuten Group, Inc.",apwg451514/2022-05/2022-05-07/2022-05-07-102206.png,UBS AG
DHL,apwg451514/2022-05/2022-05-31/2022-05-31-105861.png,DHL
Telstra,apwg451514/2022-05/2022-05-17/2022-05-17-110240.png,First Investment Bank
Huntington Bank,apwg451514/2022-05/2022-05-17/2022-05-17-110630.png,Global Sources HK
Adobe,apwg451514/2022-05/2022-05-17/2022-05-17-111124.png,LinkedIn Corporation
Chase Bank,apwg451514/2022-05/2022-05-17/2022-05-17-111495.png,mdpd
M&T Bank Corporation,apwg451514/2022-05/2022-05-17/2022-05-17-111606.png,lcl
Facebook,apwg451514/2022-05/2022-05-17/2022-05-17-111743.png,Credit Suisse AG
Facebook,apwg451514/2022-05/2022-05-14/2022-05-14-112265.png,LinkedIn Corporation
Instagram,apwg451514/2022-05/2022-05-14/2022-05-14-112460.png,DHL
Chase Bank,apwg451514/2022-05/2022-05-14/2022-05-14-113270.png,mdpd
Navy Federal Credit Union,apwg451514/2022-05/2022-05-25/2022-05-25-114790.png,dkb
Santander Bank,apwg451514/2022-05/2022-05-25/2022-05-25-115039.png,Itau Unibanco S.A
Facebook,apwg451514/2022-05/2022-05-25/2022-05-25-115420.png,barclays
DHL,apwg451514/2022-05/2022-05-29/2022-05-29-116259.png,DHL
Credit Agricole,apwg451514/2022-05/2022-05-29/2022-05-29-124874.png,cogeco
DHL,apwg451514/2022-05/2022-05-29/2022-05-29-129217.png,DHL
DHL,apwg451514/2022-05/2022-05-29/2022-05-29-130569.png,GoDaddy
Facebook,apwg451514/2022-05/2022-05-11/2022-05-11-164969.png,eBay
ING Group,apwg451514/2022-05/2022-05-06/2022-05-06-198790.png,Yahoo!
Facebook,apwg451514/2022-05/2022-05-06/2022-05-06-200506.png,SunTrust Bank
Facebook,apwg451514/2022-05/2022-05-06/2022-05-06-201308.png,Chase Personal Banking
ING Group,apwg451514/2022-05/2022-05-06/2022-05-06-202517.png,snapchat
Bank of America,apwg451514/2022-05/2022-05-30/2022-05-30-215162.png,Bank of America
Facebook,apwg451514/2022-05/2022-05-15/2022-05-15-219502.png,
Facebook,apwg451514/2022-06/2022-06-20/2022-06-20-1601.png,Facebook
Microsoft Bing,apwg451514/2022-06/2022-06-20/2022-06-20-6773.png,blizzard
Microsoft Bing,apwg451514/2022-06/2022-06-20/2022-06-20-7325.png,Bank of America
DHL,apwg451514/2022-06/2022-06-20/2022-06-20-8309.png,RuneScape
Microsoft Bing,apwg451514/2022-06/2022-06-20/2022-06-20-9937.png,Bank of America
Microsoft Bing,apwg451514/2022-06/2022-06-20/2022-06-20-12981.png,mdpd
Sparkasse,apwg451514/2022-06/2022-06-04/2022-06-04-63893.png,Sparkasse Bank
DHL,apwg451514/2022-06/2022-06-04/2022-06-04-67577.png,SunTrust Bank
Magazine Luiza,apwg451514/2022-06/2022-06-22/2022-06-22-157816.png,adidas
Chase Bank,apwg451514/2022-06/2022-06-24/2022-06-24-196807.png,tech_target
Netflix,apwg451514/2022-06/2022-06-24/2022-06-24-197062.png,Netflix
M&T Bank Corporation,apwg451514/2022-06/2022-06-24/2022-06-24-209439.png,IRS
Facebook,apwg451514/2022-06/2022-06-11/2022-06-11-210631.png,barclaycard
Facebook,apwg451514/2022-06/2022-06-11/2022-06-11-215841.png,barclaycard
Facebook,apwg451514/2022-06/2022-06-11/2022-06-11-224460.png,barclaycard
Facebook,apwg451514/2022-06/2022-06-26/2022-06-26-254426.png,Daum
Wells Fargo Bank,apwg451514/2022-06/2022-06-15/2022-06-15-289833.png,Itau Unibanco S.A
Sparkasse,apwg451514/2022-06/2022-06-10/2022-06-10-297593.png,Sparkasse Bank
Chase Bank,apwg451514/2022-06/2022-06-21/2022-06-21-326100.png,hfe
Wells Fargo Bank,apwg451514/2022-06/2022-06-21/2022-06-21-333027.png,smiles
Facebook,apwg451514/2022-06/2022-06-21/2022-06-21-339804.png,lcl
Wells Fargo Bank,apwg451514/2022-06/2022-06-21/2022-06-21-343376.png,banco_inter
Internal Revenue Service,apwg451514/2022-06/2022-06-27/2022-06-27-379334.png,CaixaBank
Adobe,apwg451514/2022-06/2022-06-29/2022-06-29-406259.png,grupo_bancolombia
DHL,apwg451514/2022-06/2022-06-03/2022-06-03-449134.png,DHL
DHL,apwg451514/2022-06/2022-06-03/2022-06-03-452979.png,DHL
DHL,apwg451514/2022-06/2022-06-03/2022-06-03-458877.png,DHL
AT&T,apwg451514/2022-06/2022-06-03/2022-06-03-459771.png,Microsoft OneDrive
Facebook,apwg451514/2022-06/2022-06-03/2022-06-03-462118.png,walmart
Deutsche Bank AG,apwg451514/2022-06/2022-06-03/2022-06-03-466031.png,Google
DHL,apwg451514/2022-06/2022-06-03/2022-06-03-467828.png,DHL
Sparkasse,apwg451514/2022-06/2022-06-14/2022-06-14-473957.png,Sparkasse Bank
Facebook,apwg451514/2022-06/2022-06-14/2022-06-14-474212.png,Wells Fargo & Company
DHL,apwg451514/2022-06/2022-06-19/2022-06-19-495231.png,GoDaddy
Microsoft Bing,apwg451514/2022-06/2022-06-19/2022-06-19-497675.png,blizzard
Facebook,apwg451514/2022-06/2022-06-19/2022-06-19-498176.png,barclaycard
Microsoft Bing,apwg451514/2022-06/2022-06-19/2022-06-19-500449.png,blizzard
Instagram,apwg451514/2022-06/2022-06-02/2022-06-02-503019.png,sharp
Facebook,apwg451514/2022-06/2022-06-02/2022-06-02-503505.png,Daum
Facebook,apwg451514/2022-06/2022-06-02/2022-06-02-503767.png,
Wells Fargo Bank,apwg451514/2022-06/2022-06-28/2022-06-28-546585.png,sicil_shop
Chase Bank,apwg451514/2022-06/2022-06-28/2022-06-28-548681.png,ieee
Deutsche Bank AG,apwg451514/2022-06/2022-06-07/2022-06-07-553401.png,Google
Wells Fargo Bank,apwg451514/2022-06/2022-06-07/2022-06-07-553462.png,Apple
Facebook,apwg451514/2022-06/2022-06-09/2022-06-09-560507.png,eBay
Sparkasse,apwg451514/2022-06/2022-06-09/2022-06-09-567049.png,Sparkasse Bank
Deutsche Bank AG,apwg451514/2022-06/2022-06-05/2022-06-05-662911.png,Google
OneDrive,apwg451514/2022-06/2022-06-08/2022-06-08-664917.png,eharmony
Facebook,apwg451514/2022-06/2022-06-08/2022-06-08-664973.png,lcl
Navy Federal Credit Union,apwg451514/2022-06/2022-06-08/2022-06-08-665115.png,Chase Personal Banking
Facebook,apwg451514/2022-07/2022-07-13/2022-07-13-810.png,
Facebook,apwg451514/2022-07/2022-07-09/2022-07-09-2466.png,Daum
Facebook,apwg451514/2022-07/2022-07-09/2022-07-09-2907.png,Facebook
Facebook,apwg451514/2022-07/2022-07-09/2022-07-09-2978.png,Amazon
Wells Fargo Bank,apwg451514/2022-07/2022-07-15/2022-07-15-3565.png,Canadian Imperial Bank of Commerce
Wells Fargo Bank,apwg451514/2022-07/2022-07-28/2022-07-28-6565.png,fsnb
Facebook,apwg451514/2022-07/2022-07-07/2022-07-07-8440.png,Dropbox
La Banque Postale,apwg451514/2022-07/2022-07-12/2022-07-12-12476.png,fsnb
Wells Fargo Bank,apwg451514/2022-07/2022-07-18/2022-07-18-13391.png,Etisalat
Chase Bank,apwg451514/2022-07/2022-07-18/2022-07-18-14415.png,htb
Instagram,apwg451514/2022-07/2022-07-18/2022-07-18-15142.png,
Facebook,apwg451514/2022-07/2022-07-23/2022-07-23-15968.png,dkb
Facebook,apwg451514/2022-07/2022-07-23/2022-07-23-16229.png,Daum
Facebook,apwg451514/2022-07/2022-07-23/2022-07-23-16934.png,dkb
Facebook,apwg451514/2022-07/2022-07-05/2022-07-05-19211.png,cogeco
Facebook,apwg451514/2022-07/2022-07-06/2022-07-06-21430.png,barclays
Facebook,apwg451514/2022-07/2022-07-21/2022-07-21-24213.png,barclaycard
Facebook,apwg451514/2022-07/2022-07-21/2022-07-21-25120.png,
Instagram,apwg451514/2022-07/2022-07-01/2022-07-01-36946.png,ziggo
Facebook,apwg451514/2022-07/2022-07-25/2022-07-25-64172.png,Bank of Montreal
Netflix,apwg451514/2022-07/2022-07-16/2022-07-16-66395.png,Netflix
Facebook,apwg451514/2022-07/2022-07-31/2022-07-31-72011.png,Credit Suisse AG
Santander Bank,apwg451514/2022-07/2022-07-31/2022-07-31-84033.png,Itau Unibanco S.A
Facebook,apwg451514/2022-07/2022-07-19/2022-07-19-85238.png,
Facebook,apwg451514/2022-07/2022-07-19/2022-07-19-85417.png,
Facebook,apwg451514/2022-07/2022-07-19/2022-07-19-85795.png,First Investment Bank
Facebook,apwg451514/2022-07/2022-07-19/2022-07-19-85862.png,cogeco
Facebook,apwg451514/2022-07/2022-07-22/2022-07-22-87880.png,Microsoft OneDrive
Facebook,apwg451514/2022-07/2022-07-22/2022-07-22-89093.png,Steam
Facebook,apwg451514/2022-07/2022-07-22/2022-07-22-89185.png,Steam
"Rakuten Group, Inc.",apwg451514/2022-07/2022-07-24/2022-07-24-97409.png,UBS AG
Facebook,apwg451514/2022-07/2022-07-17/2022-07-17-100472.png,Credit Suisse AG
Facebook,apwg451514/2022-07/2022-07-17/2022-07-17-100600.png,
Chase Bank,apwg451514/2022-07/2022-07-27/2022-07-27-100750.png,ieee
Chase Bank,apwg451514/2022-07/2022-07-27/2022-07-27-102583.png,ieee
Huntington Bank,apwg451514/2022-07/2022-07-27/2022-07-27-102901.png,Commonwealth Bank of Australia
Facebook,apwg451514/2022-07/2022-07-27/2022-07-27-104021.png,dkb
Facebook,apwg451514/2022-07/2022-07-20/2022-07-20-112784.png,
M&T Bank Corporation,apwg451514/2022-07/2022-07-20/2022-07-20-113299.png,cloudconvert
Wells Fargo Bank,apwg451514/2022-07/2022-07-20/2022-07-20-113737.png,banco_inter
Netflix,apwg451514/2022-07/2022-07-02/2022-07-02-119378.png,Netflix
Outlook,apwg451514/2022-07/2022-07-08/2022-07-08-121271.png,
Facebook,apwg451514/2022-07/2022-07-08/2022-07-08-121454.png,
Microsoft Bing,apwg451514/2022-08/2022-08-15/2022-08-15-9272.png,Cox Communications
Wells Fargo Bank,apwg451514/2022-08/2022-08-15/2022-08-15-9890.png,smiles
Facebook,apwg451514/2022-08/2022-08-05/2022-08-05-13965.png,Facebook
Facebook,apwg451514/2022-08/2022-08-09/2022-08-09-33275.png,SunTrust Bank
Facebook,apwg451514/2022-08/2022-08-02/2022-08-02-44278.png,Credit Suisse AG
"Stripe, Inc.",apwg451514/2022-08/2022-08-29/2022-08-29-45355.png,Stripe
Facebook,apwg451514/2022-08/2022-08-29/2022-08-29-46832.png,barclays
Facebook,apwg451514/2022-08/2022-08-28/2022-08-28-47753.png,Bank of Montreal
Facebook,apwg451514/2022-08/2022-08-17/2022-08-17-48609.png,ieee
Microsoft Bing,apwg451514/2022-08/2022-08-17/2022-08-17-51334.png,Americanas.com S
Microsoft Bing,apwg451514/2022-08/2022-08-17/2022-08-17-54325.png,Steam
Microsoft Bing,apwg451514/2022-08/2022-08-17/2022-08-17-54862.png,RuneScape
DHL,apwg451514/2022-08/2022-08-07/2022-08-07-69546.png,DHL
Facebook,apwg451514/2022-08/2022-08-20/2022-08-20-76244.png,Global Sources HK
Sparkasse,apwg451514/2022-08/2022-08-20/2022-08-20-78502.png,Sparkasse Bank
Facebook,apwg451514/2022-08/2022-08-20/2022-08-20-80600.png,Global Sources HK
Adobe,apwg451514/2022-08/2022-08-20/2022-08-20-85139.png,LinkedIn Corporation
Facebook,apwg451514/2022-08/2022-08-20/2022-08-20-86347.png,Global Sources HK
DHL,apwg451514/2022-08/2022-08-20/2022-08-20-86591.png,DHL
DHL,apwg451514/2022-08/2022-08-20/2022-08-20-91032.png,DHL
Wells Fargo Bank,apwg451514/2022-08/2022-08-20/2022-08-20-93952.png,smiles
Facebook,apwg451514/2022-08/2022-08-26/2022-08-26-139999.png,BT Group plc
Facebook,apwg451514/2022-08/2022-08-21/2022-08-21-182349.png,Global Sources HK
Facebook,apwg451514/2022-08/2022-08-21/2022-08-21-193493.png,Global Sources HK
"Rakuten Group, Inc.",apwg451514/2022-08/2022-08-21/2022-08-21-210451.png,UBS AG
Facebook,apwg451514/2022-08/2022-08-30/2022-08-30-214715.png,CaixaBank
Naver Corporation,apwg451514/2022-08/2022-08-30/2022-08-30-216376.png,Bank of Montreal
Facebook,apwg451514/2022-08/2022-08-27/2022-08-27-248044.png,ieee
Chase Bank,apwg451514/2022-08/2022-08-25/2022-08-25-255372.png,Microsoft OneDrive
Chase Bank,apwg451514/2022-08/2022-08-25/2022-08-25-270711.png,cogeco
Chase Bank,apwg451514/2022-08/2022-08-25/2022-08-25-284982.png,smartsheet
Itau,apwg451514/2022-08/2022-08-25/2022-08-25-290113.png,Sparkasse Bank
Wells Fargo Bank,apwg451514/2022-08/2022-08-22/2022-08-22-298582.png,smiles
Wells Fargo Bank,apwg451514/2022-08/2022-08-24/2022-08-24-348701.png,banco_inter
Facebook,apwg451514/2022-08/2022-08-11/2022-08-11-368439.png,
Societe Generale Group,apwg451514/2022-08/2022-08-11/2022-08-11-370276.png,Microsoft OneDrive
Chase Bank,apwg451514/2022-08/2022-08-11/2022-08-11-370294.png,PayPal
Facebook,apwg451514/2022-08/2022-08-04/2022-08-04-375025.png,dkb
Facebook,apwg451514/2022-08/2022-08-18/2022-08-18-386022.png,Government of Canada
Facebook,apwg451514/2022-08/2022-08-18/2022-08-18-387997.png,ieee
Facebook,apwg451514/2022-08/2022-08-18/2022-08-18-388050.png,Government of Canada
PayPal,apwg451514/2022-08/2022-08-18/2022-08-18-392560.png,AT&T
PayPal,apwg451514/2022-08/2022-08-18/2022-08-18-393958.png,AT&T
Microsoft Bing,apwg451514/2022-08/2022-08-16/2022-08-16-397557.png,ieee
Microsoft Bing,apwg451514/2022-08/2022-08-16/2022-08-16-398093.png,Americanas.com S
Microsoft Bing,apwg451514/2022-08/2022-08-16/2022-08-16-399402.png,Americanas.com S
Microsoft Bing,apwg451514/2022-08/2022-08-16/2022-08-16-404423.png,Cox Communications
Adobe,apwg451514/2022-08/2022-08-10/2022-08-10-410077.png,LinkedIn Corporation
Facebook,apwg451514/2022-08/2022-08-01/2022-08-01-418212.png,
Facebook,apwg451514/2022-08/2022-08-01/2022-08-01-425636.png,
Outlook,apwg451514/2022-08/2022-08-23/2022-08-23-426487.png,
Facebook,apwg451514/2022-08/2022-08-23/2022-08-23-442475.png,banco_de_occidente
Itau,apwg451514/2022-08/2022-08-23/2022-08-23-453478.png,Sparkasse Bank
Microsoft Bing,apwg451514/2022-08/2022-08-12/2022-08-12-468050.png,bradesco
Microsoft Bing,apwg451514/2022-08/2022-08-12/2022-08-12-473166.png,bradesco
Square Bank,apwg451514/2022-08/2022-08-12/2022-08-12-473778.png,
DHL,apwg451514/2022-08/2022-08-08/2022-08-08-475769.png,Microsoft OneDrive
Santander Bank,apwg451514/2022-09/2022-09-16/2022-09-16-3802.png,Grupo Santander
Sparkasse,apwg451514/2022-09/2022-09-16/2022-09-16-12509.png,Sparkasse Bank
Facebook,apwg451514/2022-09/2022-09-17/2022-09-17-21510.png,CaixaBank
Facebook,apwg451514/2022-09/2022-09-17/2022-09-17-21823.png,
Instagram,apwg451514/2022-09/2022-09-23/2022-09-23-43858.png,CaixaBank
Facebook,apwg451514/2022-09/2022-09-04/2022-09-04-49220.png,Credit Suisse AG
Chase Bank,apwg451514/2022-09/2022-09-20/2022-09-20-54455.png,hfe
DHL,apwg451514/2022-09/2022-09-20/2022-09-20-55761.png,DHL
Sparkasse,apwg451514/2022-09/2022-09-15/2022-09-15-59754.png,First Investment Bank
DHL,apwg451514/2022-09/2022-09-15/2022-09-15-66110.png,DHL
DHL,apwg451514/2022-09/2022-09-15/2022-09-15-70502.png,DHL
Sparkasse,apwg451514/2022-09/2022-09-15/2022-09-15-72018.png,First Investment Bank
Sparkasse,apwg451514/2022-09/2022-09-15/2022-09-15-72794.png,First Investment Bank
Sparkasse,apwg451514/2022-09/2022-09-15/2022-09-15-73080.png,First Investment Bank
DHL,apwg451514/2022-09/2022-09-15/2022-09-15-77202.png,RuneScape
DHL,apwg451514/2022-09/2022-09-15/2022-09-15-80250.png,DHL
Santander Bank,apwg451514/2022-09/2022-09-08/2022-09-08-83832.png,db
Facebook,apwg451514/2022-09/2022-09-13/2022-09-13-87665.png,Cox Communications
Microsoft Bing,apwg451514/2022-09/2022-09-13/2022-09-13-91026.png,banco_inter
DHL,apwg451514/2022-09/2022-09-13/2022-09-13-91476.png,DHL
DHL,apwg451514/2022-09/2022-09-13/2022-09-13-92008.png,htb
DHL,apwg451514/2022-09/2022-09-13/2022-09-13-92886.png,DHL
DHL,apwg451514/2022-09/2022-09-13/2022-09-13-93645.png,DHL
Facebook,apwg451514/2022-09/2022-09-26/2022-09-26-106811.png,ieee
Facebook,apwg451514/2022-09/2022-09-26/2022-09-26-109071.png,
Facebook,apwg451514/2022-09/2022-09-28/2022-09-28-117742.png,SunTrust Bank
Facebook,apwg451514/2022-09/2022-09-28/2022-09-28-119678.png,ieee
Facebook,apwg451514/2022-09/2022-09-28/2022-09-28-124962.png,
DHL,apwg451514/2022-09/2022-09-28/2022-09-28-125427.png,DHL
Facebook,apwg451514/2022-09/2022-09-09/2022-09-09-132681.png,
Santander Bank,apwg451514/2022-09/2022-09-02/2022-09-02-142568.png,grupo_bancolombia
DHL,apwg451514/2022-09/2022-09-18/2022-09-18-144210.png,DHL
Itau,apwg451514/2022-09/2022-09-03/2022-09-03-151181.png,Sparkasse Bank
Instagram,apwg451514/2022-09/2022-09-05/2022-09-05-153119.png,"Twitter, Inc"
Wells Fargo Bank,apwg451514/2022-09/2022-09-14/2022-09-14-154577.png,Wells Fargo & Company
Sparkasse,apwg451514/2022-09/2022-09-14/2022-09-14-158496.png,First Investment Bank
DHL,apwg451514/2022-09/2022-09-14/2022-09-14-165357.png,DHL
Sparkasse,apwg451514/2022-09/2022-09-14/2022-09-14-165447.png,First Investment Bank
DHL,apwg451514/2022-09/2022-09-14/2022-09-14-167710.png,DHL
Sparkasse,apwg451514/2022-09/2022-09-14/2022-09-14-169204.png,First Investment Bank
Sparkasse,apwg451514/2022-09/2022-09-14/2022-09-14-170750.png,First Investment Bank
Facebook,apwg451514/2022-09/2022-09-22/2022-09-22-174054.png,American Express
DHL,apwg451514/2022-09/2022-09-24/2022-09-24-178559.png,DHL
Facebook,apwg451514/2022-09/2022-09-24/2022-09-24-178747.png,Facebook
OneDrive,apwg451514/2022-09/2022-09-29/2022-09-29-196492.png,1&1 Ionos
Wells Fargo Bank,apwg451514/2022-09/2022-09-29/2022-09-29-197499.png,smiles
Bank of America,apwg451514/2022-09/2022-09-29/2022-09-29-197892.png,Bank of America
Deutsche Kreditbank AG,apwg451514/2022-09/2022-09-29/2022-09-29-200462.png,"Twitter, Inc"
M&T Bank Corporation,apwg451514/2022-09/2022-09-07/2022-09-07-201293.png,lcl
Wells Fargo Bank,apwg451514/2022-09/2022-09-07/2022-09-07-202073.png,Wells Fargo & Company
Facebook,apwg451514/2022-09/2022-09-01/2022-09-01-203298.png,
Facebook,apwg451514/2022-09/2022-09-25/2022-09-25-213765.png,Wells Fargo & Company
Wells Fargo Bank,apwg451514/2022-09/2022-09-11/2022-09-11-226111.png,Canadian Imperial Bank of Commerce
Wells Fargo Bank,apwg451514/2022-09/2022-09-27/2022-09-27-231930.png,bradesco
Wells Fargo Bank,apwg451514/2022-09/2022-09-27/2022-09-27-233777.png,eBay
Facebook,apwg451514/2022-09/2022-09-12/2022-09-12-237030.png,Cox Communications
Microsoft Bing,apwg451514/2022-09/2022-09-12/2022-09-12-237579.png,mbank
DHL,apwg451514/2022-09/2022-09-12/2022-09-12-238470.png,grupo_bancolombia
Wells Fargo Bank,apwg451514/2022-09/2022-09-12/2022-09-12-238900.png,Lloyds TSB Group
DHL,apwg451514/2022-09/2022-09-12/2022-09-12-241103.png,Microsoft OneDrive
DHL,apwg451514/2022-09/2022-09-12/2022-09-12-243656.png,DHL
Facebook,apwg451514/2022-09/2022-09-12/2022-09-12-245585.png,dkb
Facebook,apwg451514/2022-09/2022-09-12/2022-09-12-245702.png,Chase Personal Banking
Microsoft Bing,apwg451514/2022-09/2022-09-12/2022-09-12-246248.png,arnet_tech
Facebook,apwg451514/2022-09/2022-09-12/2022-09-12-246513.png,Cox Communications
DHL,apwg451514/2022-09/2022-09-12/2022-09-12-246914.png,DHL
Microsoft Bing,apwg451514/2022-09/2022-09-12/2022-09-12-248194.png,mbank
DHL,apwg451514/2022-09/2022-09-12/2022-09-12-250248.png,DHL
DHL,apwg451514/2022-10/2022-10-19/2022-10-19-101114.png,DHL
Adobe,apwg451514/2022-10/2022-10-19/2022-10-19-118243.png,Alibaba
"Rakuten Group, Inc.",apwg451514/2022-10/2022-10-14/2022-10-14-158241.png,UBS AG
M&T Bank Corporation,apwg451514/2022-10/2022-10-14/2022-10-14-159422.png,lcl
DHL,apwg451514/2022-10/2022-10-14/2022-10-14-160562.png,DHL
DHL,apwg451514/2022-10/2022-10-14/2022-10-14-162289.png,DHL
DHL,apwg451514/2022-10/2022-10-14/2022-10-14-163784.png,typeform
Wells Fargo Bank,apwg451514/2022-10/2022-10-14/2022-10-14-164371.png,Canadian Imperial Bank of Commerce
Wells Fargo Bank,apwg451514/2022-10/2022-10-14/2022-10-14-164886.png,bradesco
DHL,apwg451514/2022-10/2022-10-30/2022-10-30-167699.png,DHL
DHL,apwg451514/2022-10/2022-10-30/2022-10-30-168225.png,DHL
Facebook,apwg451514/2022-10/2022-10-30/2022-10-30-168900.png,"Twitter, Inc"
Nedbank,apwg451514/2022-10/2022-10-30/2022-10-30-169173.png,fnac
Instagram,apwg451514/2022-10/2022-10-24/2022-10-24-280352.png,
DHL,apwg451514/2022-10/2022-10-24/2022-10-24-296690.png,DHL
DHL,apwg451514/2022-10/2022-10-24/2022-10-24-300866.png,DHL
ING Group,apwg451514/2022-10/2022-10-11/2022-10-11-325128.png,typeform
DHL,apwg451514/2022-10/2022-10-11/2022-10-11-327134.png,DHL
Wells Fargo Bank,apwg451514/2022-10/2022-10-11/2022-10-11-349282.png,smiles
BNP Paribas,apwg451514/2022-10/2022-10-11/2022-10-11-359263.png,BNP Paribas
Santander Bank,apwg451514/2022-10/2022-10-11/2022-10-11-362261.png,Itau Unibanco S.A
ING Group,apwg451514/2022-10/2022-10-29/2022-10-29-443294.png,PayPal
DHL,apwg451514/2022-10/2022-10-29/2022-10-29-443998.png,DHL
DHL,apwg451514/2022-10/2022-10-29/2022-10-29-444014.png,DHL
DHL,apwg451514/2022-10/2022-10-29/2022-10-29-444039.png,DHL
ING Group,apwg451514/2022-10/2022-10-29/2022-10-29-445239.png,PayPal
Facebook,apwg451514/2022-10/2022-10-13/2022-10-13-460589.png,Credit Suisse AG
Facebook,apwg451514/2022-10/2022-10-13/2022-10-13-478488.png,Credit Suisse AG
DHL,apwg451514/2022-10/2022-10-15/2022-10-15-492081.png,DHL
ING Group,apwg451514/2022-10/2022-10-15/2022-10-15-492763.png,typeform
DHL,apwg451514/2022-10/2022-10-15/2022-10-15-507913.png,DHL
DHL,apwg451514/2022-10/2022-10-15/2022-10-15-522558.png,DHL
Santander Bank,apwg451514/2022-10/2022-10-15/2022-10-15-525117.png,Itau Unibanco S.A
ING Group,apwg451514/2022-10/2022-10-15/2022-10-15-525671.png,typeform
DHL,apwg451514/2022-10/2022-10-15/2022-10-15-526206.png,DHL
Microsoft Bing,apwg451514/2022-10/2022-10-26/2022-10-26-532242.png,Microsoft OneDrive
Deutsche Bank AG,apwg451514/2022-10/2022-10-26/2022-10-26-532246.png,barclays
Facebook,apwg451514/2022-10/2022-10-26/2022-10-26-536488.png,LinkedIn Corporation
DHL,apwg451514/2022-10/2022-10-26/2022-10-26-536559.png,arnet_tech
DHL,apwg451514/2022-10/2022-10-28/2022-10-28-540616.png,DHL
DHL,apwg451514/2022-10/2022-10-28/2022-10-28-541550.png,DHL
DHL,apwg451514/2022-10/2022-10-28/2022-10-28-542401.png,DHL
Facebook,apwg451514/2022-10/2022-10-28/2022-10-28-545217.png,PayPal
Instagram,apwg451514/2022-10/2022-10-28/2022-10-28-547241.png,smiles
Telstra,apwg451514/2022-10/2022-10-23/2022-10-23-593053.png,First Investment Bank
DHL,apwg451514/2022-10/2022-10-04/2022-10-04-737001.png,DHL
Facebook,apwg451514/2022-10/2022-10-21/2022-10-21-848219.png,
DHL,apwg451514/2022-10/2022-10-12/2022-10-12-931886.png,DHL
Facebook,apwg451514/2022-10/2022-10-12/2022-10-12-938853.png,LinkedIn Corporation
Adobe,apwg451514/2022-10/2022-10-05/2022-10-05-965414.png,xtrix_tv
Outlook,apwg451514/2022-10/2022-10-05/2022-10-05-994267.png,Bank of Montreal
Apple,apwg451514/2022-10/2022-10-05/2022-10-05-995474.png,
DHL,apwg451514/2022-10/2022-10-25/2022-10-25-1011150.png,DHL
DHL,apwg451514/2022-10/2022-10-25/2022-10-25-1012320.png,DHL
DHL,apwg451514/2022-10/2022-10-25/2022-10-25-1013424.png,DHL
Facebook,apwg451514/2022-10/2022-10-25/2022-10-25-1017145.png,LinkedIn Corporation
Deutsche Bank AG,apwg451514/2022-10/2022-10-25/2022-10-25-1020445.png,barclays
Deutsche Bank AG,apwg451514/2022-10/2022-10-25/2022-10-25-1026875.png,barclays
DHL,apwg451514/2022-10/2022-10-25/2022-10-25-1027303.png,DHL
DHL,apwg451514/2022-10/2022-10-25/2022-10-25-1034361.png,DHL
DHL,apwg451514/2022-10/2022-10-25/2022-10-25-1036403.png,DHL
DHL,apwg451514/2022-10/2022-10-01/2022-10-01-1063630.png,DHL
ING Group,apwg451514/2022-10/2022-10-08/2022-10-08-1071941.png,typeform
Facebook,apwg451514/2022-10/2022-10-16/2022-10-16-1170820.png,
Facebook,apwg451514/2022-10/2022-10-06/2022-10-06-1201934.png,Chase Personal Banking
Wells Fargo Bank,apwg451514/2022-10/2022-10-06/2022-10-06-1203063.png,banco_inter
DHL,apwg451514/2022-10/2022-10-06/2022-10-06-1213858.png,DHL
DHL,apwg451514/2022-10/2022-10-02/2022-10-02-1229984.png,Microsoft OneDrive
Microsoft Bing,apwg451514/2022-10/2022-10-27/2022-10-27-1249433.png,blizzard
Microsoft Bing,apwg451514/2022-10/2022-10-27/2022-10-27-1255473.png,AOL
Deutsche Bank AG,apwg451514/2022-10/2022-10-27/2022-10-27-1256991.png,barclays
Microsoft Bing,apwg451514/2022-10/2022-10-27/2022-10-27-1257383.png,Microsoft OneDrive
DHL,apwg451514/2022-10/2022-10-27/2022-10-27-1258836.png,DHL
DHL,apwg451514/2022-10/2022-10-27/2022-10-27-1261487.png,DHL
Adobe,apwg451514/2022-10/2022-10-31/2022-10-31-1336417.png,LinkedIn Corporation
DHL,apwg451514/2022-10/2022-10-31/2022-10-31-1337778.png,DHL
DHL,apwg451514/2022-10/2022-10-31/2022-10-31-1338477.png,DHL
DHL,apwg451514/2022-10/2022-10-31/2022-10-31-1341923.png,DHL
DHL,apwg451514/2022-11/2022-11-27/2022-11-27-1745.png,DHL
DHL,apwg451514/2022-11/2022-11-27/2022-11-27-3639.png,DHL
Absa Bank,apwg451514/2022-11/2022-11-09/2022-11-09-10314.png,IRS
DHL,apwg451514/2022-11/2022-11-14/2022-11-14-21069.png,DHL
DHL,apwg451514/2022-11/2022-11-14/2022-11-14-29015.png,DHL
Absa Bank,apwg451514/2022-11/2022-11-14/2022-11-14-29507.png,IRS
DHL,apwg451514/2022-11/2022-11-14/2022-11-14-35994.png,DHL
Absa Bank,apwg451514/2022-11/2022-11-24/2022-11-24-59401.png,IRS
DHL,apwg451514/2022-11/2022-11-24/2022-11-24-60332.png,DHL
DHL,apwg451514/2022-11/2022-11-24/2022-11-24-61118.png,DHL
DHL,apwg451514/2022-11/2022-11-24/2022-11-24-61463.png,DHL
DHL,apwg451514/2022-11/2022-11-24/2022-11-24-61726.png,DHL
DHL,apwg451514/2022-11/2022-11-24/2022-11-24-62056.png,DHL
DHL,apwg451514/2022-11/2022-11-24/2022-11-24-66941.png,DHL
Facebook,apwg451514/2022-11/2022-11-05/2022-11-05-77014.png,First Investment Bank
DHL,apwg451514/2022-11/2022-11-05/2022-11-05-81251.png,DHL
Microsoft Bing,apwg451514/2022-11/2022-11-13/2022-11-13-89533.png,PayPal
Wells Fargo Bank,apwg451514/2022-11/2022-11-18/2022-11-18-100484.png,capital_one
DHL,apwg451514/2022-11/2022-11-23/2022-11-23-110055.png,DHL
DHL,apwg451514/2022-11/2022-11-23/2022-11-23-114026.png,DHL
DHL,apwg451514/2022-11/2022-11-25/2022-11-25-120321.png,DHL
DHL,apwg451514/2022-11/2022-11-25/2022-11-25-121018.png,DHL
Facebook,apwg451514/2022-11/2022-11-25/2022-11-25-123756.png,
DHL,apwg451514/2022-11/2022-11-25/2022-11-25-126469.png,DHL
DHL,apwg451514/2022-11/2022-11-25/2022-11-25-127833.png,DHL
DHL,apwg451514/2022-11/2022-11-06/2022-11-06-129168.png,DHL
"Rakuten Group, Inc.",apwg451514/2022-11/2022-11-21/2022-11-21-134220.png,UBS AG
DHL,apwg451514/2022-11/2022-11-21/2022-11-21-138799.png,DHL
DHL,apwg451514/2022-11/2022-11-19/2022-11-19-147297.png,DHL
Microsoft Bing,apwg451514/2022-11/2022-11-10/2022-11-10-164106.png,Steam
ING Group,apwg451514/2022-11/2022-11-10/2022-11-10-170247.png,Yahoo!
DHL,apwg451514/2022-11/2022-11-10/2022-11-10-171854.png,DHL
DHL,apwg451514/2022-11/2022-11-12/2022-11-12-181198.png,DHL
DHL,apwg451514/2022-11/2022-11-02/2022-11-02-184062.png,DHL
DHL,apwg451514/2022-11/2022-11-02/2022-11-02-184724.png,DHL
DHL,apwg451514/2022-11/2022-11-01/2022-11-01-190303.png,DHL
Microsoft Bing,apwg451514/2022-11/2022-11-01/2022-11-01-191110.png,Apple
Wells Fargo Bank,apwg451514/2022-11/2022-11-01/2022-11-01-191807.png,capital_one
Facebook,apwg451514/2022-11/2022-11-29/2022-11-29-199247.png,Credit Suisse AG
DHL,apwg451514/2022-11/2022-11-29/2022-11-29-199783.png,DHL
Swiss Post,apwg451514/2022-11/2022-11-04/2022-11-04-200720.png,Alibaba
DHL,apwg451514/2022-11/2022-11-04/2022-11-04-201528.png,DHL
Deutsche Bank AG,apwg451514/2022-11/2022-11-04/2022-11-04-208281.png,Google
DHL,apwg451514/2022-11/2022-11-03/2022-11-03-211711.png,DHL
DHL,apwg451514/2022-11/2022-11-20/2022-11-20-217252.png,DHL
DHL,apwg451514/2022-11/2022-11-20/2022-11-20-217794.png,DHL
Deutsche Kreditbank AG,apwg451514/2022-11/2022-11-20/2022-11-20-225310.png,"Twitter, Inc"
DHL,apwg451514/2022-11/2022-11-08/2022-11-08-236957.png,DHL
DHL,apwg451514/2022-11/2022-11-08/2022-11-08-240727.png,DHL
Santander Bank,apwg451514/2022-11/2022-11-08/2022-11-08-241389.png,Itau Unibanco S.A
DHL,apwg451514/2022-11/2022-11-16/2022-11-16-246118.png,DHL
DHL,apwg451514/2022-11/2022-11-16/2022-11-16-246382.png,DHL
DHL,apwg451514/2022-11/2022-11-26/2022-11-26-248476.png,DHL
DHL,apwg451514/2022-11/2022-11-26/2022-11-26-250057.png,DHL
DHL,apwg451514/2022-11/2022-11-26/2022-11-26-250972.png,DHL
Wells Fargo Bank,apwg451514/2022-11/2022-11-26/2022-11-26-251259.png,Vodafone
DHL,apwg451514/2022-11/2022-11-26/2022-11-26-252995.png,DHL
Santander Bank,apwg451514/2022-11/2022-11-26/2022-11-26-253081.png,grupo_bancolombia
DHL,apwg451514/2022-11/2022-11-26/2022-11-26-254223.png,DHL
DHL,apwg451514/2022-11/2022-11-26/2022-11-26-255687.png,DHL
DHL,apwg451514/2022-11/2022-11-26/2022-11-26-255739.png,DHL
DHL,apwg451514/2022-11/2022-11-28/2022-11-28-260724.png,DHL
DHL,apwg451514/2022-11/2022-11-28/2022-11-28-261962.png,DHL
DHL,apwg451514/2022-11/2022-11-28/2022-11-28-263580.png,DHL
Instagram,apwg451514/2022-12/2022-12-29/2022-12-29-3670.png,mbank
Instagram,apwg451514/2022-12/2022-12-16/2022-12-16-5854.png,mbank
ING Group,apwg451514/2022-12/2022-12-16/2022-12-16-7186.png,Yahoo!
DHL,apwg451514/2022-12/2022-12-16/2022-12-16-8606.png,DHL
Santander Bank,apwg451514/2022-12/2022-12-16/2022-12-16-12542.png,Sparkasse Bank
Facebook,apwg451514/2022-12/2022-12-14/2022-12-14-24487.png,
DHL,apwg451514/2022-12/2022-12-14/2022-12-14-28733.png,DHL
eBay,apwg451514/2022-12/2022-12-14/2022-12-14-48080.png,Capitec Bank Limited
Facebook,apwg451514/2022-12/2022-12-25/2022-12-25-55411.png,Credit Suisse AG
Facebook,apwg451514/2022-12/2022-12-25/2022-12-25-57563.png,Credit Suisse AG
Facebook,apwg451514/2022-12/2022-12-25/2022-12-25-63046.png,Global Sources HK
DHL,apwg451514/2022-12/2022-12-30/2022-12-30-66164.png,DHL
Instagram,apwg451514/2022-12/2022-12-15/2022-12-15-71589.png,BT Group plc
Facebook,apwg451514/2022-12/2022-12-15/2022-12-15-88465.png,Bank of Montreal
DHL,apwg451514/2022-12/2022-12-11/2022-12-11-94190.png,DHL
Absa Bank,apwg451514/2022-12/2022-12-11/2022-12-11-94702.png,IRS
Adobe,apwg451514/2022-12/2022-12-11/2022-12-11-94979.png,grupo_bancolombia
DHL,apwg451514/2022-12/2022-12-11/2022-12-11-95345.png,DHL
DHL,apwg451514/2022-12/2022-12-11/2022-12-11-95523.png,DHL
Absa Bank,apwg451514/2022-12/2022-12-11/2022-12-11-97913.png,IRS
Facebook,apwg451514/2022-12/2022-12-23/2022-12-23-105422.png,Credit Suisse AG
DHL,apwg451514/2022-12/2022-12-18/2022-12-18-110822.png,blizzard
Facebook,apwg451514/2022-12/2022-12-18/2022-12-18-114537.png,Global Sources HK
DHL,apwg451514/2022-12/2022-12-28/2022-12-28-139531.png,DHL
DHL,apwg451514/2022-12/2022-12-28/2022-12-28-139682.png,DHL
DHL,apwg451514/2022-12/2022-12-28/2022-12-28-140904.png,DHL
Microsoft Bing,apwg451514/2022-12/2022-12-28/2022-12-28-141367.png,BNP Paribas
DHL,apwg451514/2022-12/2022-12-28/2022-12-28-142168.png,DHL
Facebook,apwg451514/2022-12/2022-12-28/2022-12-28-145314.png,"Twitter, Inc"
Facebook,apwg451514/2022-12/2022-12-05/2022-12-05-152916.png,Credit Suisse AG
Instagram,apwg451514/2022-12/2022-12-05/2022-12-05-153943.png,
Facebook,apwg451514/2022-12/2022-12-05/2022-12-05-156344.png,Global Sources HK
Swisscom AG,apwg451514/2022-12/2022-12-07/2022-12-07-167585.png,"Twitter, Inc"
Microsoft Bing,apwg451514/2022-12/2022-12-07/2022-12-07-167829.png,Steam
Facebook,apwg451514/2022-12/2022-12-24/2022-12-24-168367.png,
DHL,apwg451514/2022-12/2022-12-24/2022-12-24-174711.png,blizzard
Nordea,apwg451514/2022-12/2022-12-24/2022-12-24-175103.png,Standard Chartered Bank
DHL,apwg451514/2022-12/2022-12-27/2022-12-27-178155.png,PayPal
WhatsApp,apwg451514/2022-12/2022-12-27/2022-12-27-179428.png,WhatsApp
DHL,apwg451514/2022-12/2022-12-27/2022-12-27-183770.png,blizzard
Microsoft Bing,apwg451514/2022-12/2022-12-27/2022-12-27-187394.png,htb
Microsoft Bing,apwg451514/2022-12/2022-12-21/2022-12-21-195260.png,American Express
Instagram,apwg451514/2022-12/2022-12-26/2022-12-26-211084.png,BT Group plc
Microsoft Bing,apwg451514/2022-12/2022-12-17/2022-12-17-214658.png,MyEtherWallet
Microsoft Bing,apwg451514/2022-12/2022-12-17/2022-12-17-221466.png,MyEtherWallet
Microsoft Bing,apwg451514/2022-12/2022-12-17/2022-12-17-222587.png,sharp
DHL,apwg451514/2022-12/2022-12-06/2022-12-06-242648.png,DHL
DHL,apwg451514/2022-12/2022-12-06/2022-12-06-244319.png,DHL
Microsoft Bing,apwg451514/2022-12/2022-12-13/2022-12-13-251277.png,GoDaddy
Microsoft Bing,apwg451514/2022-12/2022-12-13/2022-12-13-254569.png,GoDaddy
DHL,apwg451514/2022-12/2022-12-13/2022-12-13-267098.png,DHL
DHL,apwg451514/2022-12/2022-12-04/2022-12-04-273463.png,DHL
Facebook,apwg451514/2022-12/2022-12-04/2022-12-04-275733.png,bcp
DHL,apwg451514/2022-12/2022-12-04/2022-12-04-278078.png,DHL
Microsoft Bing,apwg451514/2022-12/2022-12-03/2022-12-03-282187.png,smartsheet
Naver Corporation,apwg451514/2022-12/2022-12-08/2022-12-08-333346.png,Bank of Montreal
Facebook,apwg451514/2022-12/2022-12-09/2022-12-09-347228.png,
Outlook,apwg451514/2022-12/2022-12-09/2022-12-09-348719.png,
WeTransfer,apwg451514/2022-12/2022-12-09/2022-12-09-350994.png,mbank
WhatsApp,apwg451514/2022-12/2022-12-20/2022-12-20-352605.png,WhatsApp
Microsoft Bing,apwg451514/2022-12/2022-12-10/2022-12-10-361075.png,PayPal
DHL,apwg451514/2022-12/2022-12-10/2022-12-10-361532.png,DHL
Facebook,apwg451514/2022-12/2022-12-10/2022-12-10-362764.png,
Wells Fargo Bank,apwg451514/2023-01/2023-01-26/2023-01-26-1470.png,capital_one
Wells Fargo Bank,apwg451514/2023-01/2023-01-26/2023-01-26-5798.png,capital_one
Wells Fargo Bank,apwg451514/2023-01/2023-01-26/2023-01-26-6496.png,SunTrust Bank
Facebook,apwg451514/2023-01/2023-01-26/2023-01-26-7051.png,Facebook
Facebook,apwg451514/2023-01/2023-01-08/2023-01-08-10159.png,Bank of New Zealand
Bank of America,apwg451514/2023-01/2023-01-08/2023-01-08-11865.png,Absa Group
DHL,apwg451514/2023-01/2023-01-11/2023-01-11-12179.png,DHL
DHL,apwg451514/2023-01/2023-01-22/2023-01-22-38147.png,DHL
Wells Fargo Bank,apwg451514/2023-01/2023-01-23/2023-01-23-48876.png,capital_one
Facebook,apwg451514/2023-01/2023-01-03/2023-01-03-58536.png,Credit Suisse AG
Facebook,apwg451514/2023-01/2023-01-03/2023-01-03-59933.png,Credit Suisse AG
Wells Fargo Bank,apwg451514/2023-01/2023-01-24/2023-01-24-67153.png,capital_one
Wells Fargo Bank,apwg451514/2023-01/2023-01-24/2023-01-24-68462.png,capital_one
Wells Fargo Bank,apwg451514/2023-01/2023-01-24/2023-01-24-69535.png,capital_one
DHL,apwg451514/2023-01/2023-01-02/2023-01-02-74408.png,DHL
Facebook,apwg451514/2023-01/2023-01-02/2023-01-02-75483.png,Global Sources HK
Microsoft Bing,apwg451514/2023-01/2023-01-13/2023-01-13-79376.png,blizzard
DHL,apwg451514/2023-01/2023-01-13/2023-01-13-80483.png,DHL
Facebook,apwg451514/2023-01/2023-01-13/2023-01-13-81414.png,
DHL,apwg451514/2023-01/2023-01-13/2023-01-13-82576.png,DHL
Wells Fargo Bank,apwg451514/2023-01/2023-01-30/2023-01-30-85998.png,capital_one
International Card Services,apwg451514/2023-01/2023-01-30/2023-01-30-94862.png,hfe
Wells Fargo Bank,apwg451514/2023-01/2023-01-30/2023-01-30-98461.png,capital_one
DHL,apwg451514/2023-01/2023-01-05/2023-01-05-112399.png,DHL
DHL,apwg451514/2023-01/2023-01-07/2023-01-07-113685.png,LinkedIn Corporation
DHL,apwg451514/2023-01/2023-01-07/2023-01-07-113880.png,DHL
DHL,apwg451514/2023-01/2023-01-07/2023-01-07-116186.png,DHL
Microsoft Bing,apwg451514/2023-01/2023-01-19/2023-01-19-126838.png,momentum_office_design
DHL,apwg451514/2023-01/2023-01-09/2023-01-09-137239.png,DHL
DHL,apwg451514/2023-01/2023-01-09/2023-01-09-137554.png,DHL
Nordea,apwg451514/2023-01/2023-01-18/2023-01-18-138881.png,Standard Chartered Bank
Wells Fargo Bank,apwg451514/2023-01/2023-01-20/2023-01-20-161798.png,capital_one
Nordea,apwg451514/2023-01/2023-01-20/2023-01-20-165356.png,Standard Chartered Bank
AT&T,apwg451514/2023-01/2023-01-20/2023-01-20-167198.png,
DHL,apwg451514/2023-01/2023-01-31/2023-01-31-211817.png,DHL
Facebook,apwg451514/2023-01/2023-01-21/2023-01-21-217386.png,Global Sources HK
Facebook,apwg451514/2023-01/2023-01-21/2023-01-21-228040.png,barclays
Facebook,apwg451514/2023-01/2023-01-21/2023-01-21-228391.png,Global Sources HK
Facebook,apwg451514/2023-01/2023-01-21/2023-01-21-229413.png,Global Sources HK
Facebook,apwg451514/2023-01/2023-01-21/2023-01-21-231194.png,Global Sources HK
Chase Bank,apwg451514/2023-01/2023-01-17/2023-01-17-236510.png,mdpd
Wells Fargo Bank,apwg451514/2023-01/2023-01-17/2023-01-17-238295.png,capital_one
Bank of America,apwg451514/2023-01/2023-01-04/2023-01-04-242770.png,Bank of America
Commonwealth Bank of Australia,apwg451514/2023-01/2023-01-04/2023-01-04-245028.png,Commonwealth Bank of Australia
WhatsApp,apwg451514/2023-01/2023-01-04/2023-01-04-245873.png,WhatsApp
Wells Fargo Bank,apwg451514/2023-01/2023-01-25/2023-01-25-250983.png,capital_one
DHL,apwg451514/2023-01/2023-01-25/2023-01-25-253181.png,DHL
AT&T,apwg451514/2023-01/2023-01-25/2023-01-25-253558.png,
Absa Bank,apwg451514/2023-01/2023-01-25/2023-01-25-254122.png,IRS
Wells Fargo Bank,apwg451514/2023-01/2023-01-27/2023-01-27-260166.png,capital_one
Wells Fargo Bank,apwg451514/2023-01/2023-01-27/2023-01-27-261393.png,capital_one
Wells Fargo Bank,apwg451514/2023-01/2023-01-27/2023-01-27-261589.png,capital_one
Wells Fargo Bank,apwg451514/2023-01/2023-01-27/2023-01-27-278988.png,capital_one
Wells Fargo Bank,apwg451514/2023-01/2023-01-27/2023-01-27-282108.png,capital_one
Microsoft Bing,apwg451514/2023-01/2023-01-27/2023-01-27-282227.png,knab
Huntington Bank,apwg451514/2023-01/2023-01-27/2023-01-27-285369.png,Microsoft OneDrive
DHL,apwg451514/2023-01/2023-01-27/2023-01-27-289112.png,DHL
Microsoft Bing,apwg451514/2023-01/2023-01-27/2023-01-27-289158.png,knab
Facebook,apwg451514/2023-02/2023-02-13/2023-02-13-3269.png,
Facebook,apwg451514/2023-02/2023-02-19/2023-02-19-6619.png,
DHL,apwg451514/2023-02/2023-02-08/2023-02-08-17194.png,DHL
Wells Fargo Bank,apwg451514/2023-02/2023-02-08/2023-02-08-17514.png,smiles
DHL,apwg451514/2023-02/2023-02-08/2023-02-08-18974.png,DHL
DHL,apwg451514/2023-02/2023-02-12/2023-02-12-19672.png,DHL
Instagram,apwg451514/2023-02/2023-02-14/2023-02-14-37363.png,otrs
Facebook,apwg451514/2023-02/2023-02-17/2023-02-17-45310.png,"Twitter, Inc"
Facebook,apwg451514/2023-02/2023-02-18/2023-02-18-48494.png,CaixaBank
Facebook,apwg451514/2023-02/2023-02-03/2023-02-03-51954.png,bcp
Wells Fargo Bank,apwg451514/2023-02/2023-02-03/2023-02-03-51981.png,zoominfo
OneDrive,apwg451514/2023-02/2023-02-03/2023-02-03-52122.png,First Investment Bank
DHL,apwg451514/2023-02/2023-02-03/2023-02-03-64800.png,DHL
Facebook,apwg451514/2023-02/2023-02-11/2023-02-11-101689.png,bcp
Facebook,apwg451514/2023-02/2023-02-15/2023-02-15-102553.png,
Chronopost International,apwg451514/2023-02/2023-02-06/2023-02-06-104590.png,PayPal
Facebook,apwg451514/2023-02/2023-02-06/2023-02-06-108038.png,banco_de_occidente
Wells Fargo Bank,apwg451514/2023-02/2023-02-01/2023-02-01-117420.png,capital_one
DHL,apwg451514/2023-02/2023-02-01/2023-02-01-118148.png,DHL
Facebook,apwg451514/2023-02/2023-02-01/2023-02-01-118158.png,"Twitter, Inc"
Wells Fargo Bank,apwg451514/2023-02/2023-02-01/2023-02-01-119790.png,capital_one
Microsoft Bing,apwg451514/2023-02/2023-02-01/2023-02-01-135533.png,NetEase
Facebook,apwg451514/2023-02/2023-02-10/2023-02-10-141093.png,"Twitter, Inc"
DHL,apwg451514/2023-02/2023-02-04/2023-02-04-143331.png,DHL
DHL,apwg451514/2023-02/2023-02-04/2023-02-04-149248.png,DHL
Microsoft Bing,apwg451514/2023-02/2023-02-04/2023-02-04-153771.png,AT&T
Facebook,apwg451514/2023-03/2023-03-09/2023-03-09-967.png,Credit Suisse AG
Facebook,apwg451514/2023-03/2023-03-09/2023-03-09-2104.png,Credit Suisse AG
Facebook,apwg451514/2023-03/2023-03-09/2023-03-09-3072.png,Credit Suisse AG
Facebook,apwg451514/2023-03/2023-03-09/2023-03-09-4729.png,sharp
Facebook,apwg451514/2023-03/2023-03-11/2023-03-11-8089.png,DGI (French Tax Authority)
Commonwealth Bank of Australia,apwg451514/2023-03/2023-03-14/2023-03-14-13467.png,Commonwealth Bank of Australia
Swiss Post,apwg451514/2023-03/2023-03-07/2023-03-07-16073.png,Alibaba
Instagram,apwg451514/2023-03/2023-03-02/2023-03-02-18258.png,Orange
Facebook,apwg451514/2023-03/2023-03-06/2023-03-06-33124.png,
Netflix,apwg451514/2023-04/2023-04-11/2023-04-11-303.png,Netflix
Facebook,apwg451514/2023-04/2023-04-11/2023-04-11-643.png,BT Group plc
Facebook,apwg451514/2023-04/2023-04-28/2023-04-28-6498.png,GoDaddy
AT&T,apwg451514/2023-04/2023-04-28/2023-04-28-12364.png,
Facebook,apwg451514/2023-04/2023-04-17/2023-04-17-16660.png,Facebook
Facebook,apwg451514/2023-04/2023-04-20/2023-04-20-18510.png,
Facebook,apwg451514/2023-04/2023-04-09/2023-04-09-20165.png,BT Group plc
WhatsApp,apwg451514/2023-04/2023-04-09/2023-04-09-20700.png,CaixaBank
WhatsApp,apwg451514/2023-04/2023-04-08/2023-04-08-22374.png,WhatsApp
Facebook,apwg451514/2023-04/2023-04-14/2023-04-14-30525.png,BT Group plc
Facebook,apwg451514/2023-04/2023-04-07/2023-04-07-43356.png,dkb
Facebook,apwg451514/2023-04/2023-04-07/2023-04-07-49796.png,dkb
Facebook,apwg451514/2023-04/2023-04-18/2023-04-18-55646.png,bahia
Facebook,apwg451514/2023-04/2023-04-18/2023-04-18-56399.png,
Facebook,apwg451514/2023-04/2023-04-12/2023-04-12-65790.png,BT Group plc
M&T Bank Corporation,apwg451514/2023-04/2023-04-12/2023-04-12-66467.png,lcl
Facebook,apwg451514/2023-04/2023-04-05/2023-04-05-72269.png,BT Group plc
Facebook,apwg451514/2023-04/2023-04-05/2023-04-05-72550.png,GoDaddy
Facebook,apwg451514/2023-04/2023-04-05/2023-04-05-72846.png,GoDaddy
Facebook,apwg451514/2023-04/2023-04-05/2023-04-05-72912.png,GoDaddy
Facebook,apwg451514/2023-04/2023-04-05/2023-04-05-72968.png,GoDaddy
Facebook,apwg451514/2023-04/2023-04-03/2023-04-03-78812.png,"Twitter, Inc"
Facebook,apwg451514/2023-04/2023-04-03/2023-04-03-79044.png,CaixaBank
Facebook,apwg451514/2023-04/2023-04-03/2023-04-03-80174.png,
WhatsApp,apwg451514/2023-04/2023-04-24/2023-04-24-82823.png,WhatsApp
WhatsApp,apwg451514/2023-04/2023-04-24/2023-04-24-84264.png,WhatsApp
Facebook,apwg451514/2023-05/2023-05-18/2023-05-18-4400.png,dkb
Instagram,apwg451514/2023-05/2023-05-06/2023-05-06-6891.png,Orange
Wells Fargo Bank,apwg451514/2023-05/2023-05-11/2023-05-11-8122.png,smiles
Facebook,apwg451514/2023-05/2023-05-11/2023-05-11-8488.png,Daum
"Rakuten Group, Inc.",apwg451514/2023-05/2023-05-19/2023-05-19-9779.png,Canadian Imperial Bank of Commerce
Facebook,apwg451514/2023-05/2023-05-31/2023-05-31-23147.png,DHL
Facebook,apwg451514/2023-05/2023-05-31/2023-05-31-23829.png,la_banque_postale
Facebook,apwg451514/2023-05/2023-05-31/2023-05-31-24505.png,la_banque_postale
Facebook,apwg451514/2023-05/2023-05-31/2023-05-31-24530.png,la_banque_postale
Facebook,apwg451514/2023-05/2023-05-23/2023-05-23-29232.png,BT Group plc
Facebook,apwg451514/2023-05/2023-05-26/2023-05-26-31690.png,dkb
Facebook,apwg451514/2023-05/2023-05-25/2023-05-25-51399.png,"Twitter, Inc"
Facebook,apwg451514/2023-05/2023-05-03/2023-05-03-56930.png,Global Sources HK
Facebook,apwg451514/2023-05/2023-05-03/2023-05-03-57258.png,Global Sources HK
Credit Agricole,apwg451514/2023-05/2023-05-08/2023-05-08-57563.png,cogeco
Facebook,apwg451514/2023-05/2023-05-05/2023-05-05-61766.png,
Outlook,apwg451514/2023-05/2023-05-30/2023-05-30-72283.png,Bank of Montreal
Facebook,apwg451514/2023-05/2023-05-30/2023-05-30-74515.png,BT Group plc
Facebook,apwg451514/2023-05/2023-05-30/2023-05-30-78339.png,GoDaddy
Facebook,apwg451514/2023-05/2023-05-02/2023-05-02-81916.png,Global Sources HK
Facebook,apwg451514/2023-05/2023-05-22/2023-05-22-83155.png,First Investment Bank
"Rakuten Group, Inc.",apwg451514/2023-05/2023-05-21/2023-05-21-89461.png,Canadian Imperial Bank of Commerce
Facebook,apwg451514/2023-05/2023-05-04/2023-05-04-92238.png,ieee
Wells Fargo Bank,apwg451514/2023-05/2023-05-24/2023-05-24-93665.png,banco_inter
Facebook,apwg451514/2023-05/2023-05-27/2023-05-27-97070.png,
Facebook,apwg451514/2023-05/2023-05-27/2023-05-27-97702.png,BT Group plc
"Rakuten Group, Inc.",apwg451514/2023-05/2023-05-20/2023-05-20-110457.png,Canadian Imperial Bank of Commerce
Facebook,apwg451514/2023-05/2023-05-28/2023-05-28-114409.png,Global Sources HK
Facebook,apwg451514/2023-05/2023-05-28/2023-05-28-116737.png,Webmail Provider
Swiss Post,apwg451514/2023-05/2023-05-29/2023-05-29-129573.png,ziggo
Facebook,apwg451514/2023-05/2023-05-29/2023-05-29-131847.png,Webmail Provider
Microsoft 365,apwg451514/2023-05/2023-05-29/2023-05-29-132966.png,Etisalat
Facebook,apwg451514/2023-05/2023-05-29/2023-05-29-133514.png,Webmail Provider
Facebook,apwg451514/2023-05/2023-05-29/2023-05-29-133524.png,Webmail Provider
Apple,apwg451514/2023-06/2023-06-21/2023-06-21-1081.png,
Facebook,apwg451514/2023-06/2023-06-13/2023-06-13-11843.png,GoDaddy
Facebook,apwg451514/2023-06/2023-06-13/2023-06-13-12906.png,Global Sources HK
Facebook,apwg451514/2023-06/2023-06-02/2023-06-02-18773.png,DHL
Facebook,apwg451514/2023-06/2023-06-02/2023-06-02-19041.png,Webmail Provider
Facebook,apwg451514/2023-06/2023-06-02/2023-06-02-20373.png,bcp
Facebook,apwg451514/2023-06/2023-06-02/2023-06-02-22401.png,eBay
Facebook,apwg451514/2023-06/2023-06-02/2023-06-02-24016.png,Global Sources HK
Facebook,apwg451514/2023-06/2023-06-02/2023-06-02-24993.png,eBay
Facebook,apwg451514/2023-06/2023-06-02/2023-06-02-25435.png,eBay
Facebook,apwg451514/2023-06/2023-06-02/2023-06-02-25522.png,la_banque_postale
Facebook,apwg451514/2023-06/2023-06-02/2023-06-02-25784.png,DHL
Facebook,apwg451514/2023-06/2023-06-02/2023-06-02-27294.png,eBay
Facebook,apwg451514/2023-06/2023-06-28/2023-06-28-31540.png,PayPal
Facebook,apwg451514/2023-06/2023-06-07/2023-06-07-34661.png,Webmail Provider
Facebook,apwg451514/2023-06/2023-06-07/2023-06-07-34938.png,Webmail Provider
Facebook,apwg451514/2023-06/2023-06-07/2023-06-07-37828.png,Webmail Provider
Facebook,apwg451514/2023-06/2023-06-07/2023-06-07-38225.png,dkb
Facebook,apwg451514/2023-06/2023-06-03/2023-06-03-46721.png,Facebook
Instagram,apwg451514/2023-06/2023-06-27/2023-06-27-50052.png,smiles
Facebook,apwg451514/2023-06/2023-06-09/2023-06-09-55890.png,bcp
M&T Bank Corporation,apwg451514/2023-06/2023-06-09/2023-06-09-55999.png,Facebook
Facebook,apwg451514/2023-06/2023-06-04/2023-06-04-59614.png,Global Sources HK
Facebook,apwg451514/2023-06/2023-06-04/2023-06-04-66399.png,Global Sources HK
Facebook,apwg451514/2023-06/2023-06-04/2023-06-04-67234.png,Global Sources HK
Facebook,apwg451514/2023-06/2023-06-24/2023-06-24-70501.png,BT Group plc
Facebook,apwg451514/2023-06/2023-06-01/2023-06-01-77541.png,dkb
Facebook,apwg451514/2023-06/2023-06-01/2023-06-01-77923.png,Global Sources HK
M&T Bank Corporation,apwg451514/2023-06/2023-06-01/2023-06-01-79784.png,lcl
Facebook,apwg451514/2023-06/2023-06-01/2023-06-01-82763.png,Webmail Provider
Facebook,apwg451514/2023-06/2023-06-01/2023-06-01-83544.png,Global Sources HK
Facebook,apwg451514/2023-06/2023-06-05/2023-06-05-88917.png,Dropbox
Facebook,apwg451514/2023-06/2023-06-05/2023-06-05-89221.png,Webmail Provider
Facebook,apwg451514/2023-06/2023-06-05/2023-06-05-92168.png,Dropbox
Facebook,apwg451514/2023-06/2023-06-05/2023-06-05-94338.png,Webmail Provider
Facebook,apwg451514/2023-06/2023-06-23/2023-06-23-96920.png,Webmail Provider
Facebook,apwg451514/2023-06/2023-06-23/2023-06-23-110877.png,Webmail Provider
Facebook,apwg451514/2023-06/2023-06-12/2023-06-12-114524.png,Daum
Facebook,apwg451514/2023-06/2023-06-12/2023-06-12-115543.png,Global Sources HK
Facebook,apwg451514/2023-06/2023-06-12/2023-06-12-115720.png,barclays
Facebook,apwg451514/2023-06/2023-06-12/2023-06-12-117055.png,DHL
Facebook,apwg451514/2023-06/2023-06-12/2023-06-12-117951.png,Global Sources HK
Facebook,apwg451514/2023-06/2023-06-12/2023-06-12-118923.png,Global Sources HK
Facebook,apwg451514/2023-06/2023-06-22/2023-06-22-124358.png,La Poste
Facebook,apwg451514/2023-06/2023-06-22/2023-06-22-124627.png,dkb
Facebook,apwg451514/2023-06/2023-06-22/2023-06-22-126810.png,sicil_shop
Facebook,apwg451514/2023-06/2023-06-22/2023-06-22-127166.png,eBay
Facebook,apwg451514/2023-06/2023-06-22/2023-06-22-129077.png,Webmail Provider
Facebook,apwg451514/2023-06/2023-06-15/2023-06-15-130140.png,GoDaddy
Facebook,apwg451514/2023-06/2023-06-16/2023-06-16-131602.png,Steam
Facebook,apwg451514/2023-06/2023-06-19/2023-06-19-143277.png,GoDaddy
Facebook,apwg451514/2023-06/2023-06-19/2023-06-19-147506.png,First Investment Bank
Facebook,apwg451514/2023-06/2023-06-14/2023-06-14-151360.png,PayPal
Facebook,apwg451514/2023-06/2023-06-14/2023-06-14-152409.png,BT Group plc
Societe Generale Group,apwg451514/2023-06/2023-06-14/2023-06-14-152623.png,Microsoft OneDrive
DHL,apwg451514/2023-06/2023-06-20/2023-06-20-156350.png,DHL
Facebook,apwg451514/2023-06/2023-06-30/2023-06-30-167194.png,PayPal
Facebook,apwg451514/2023-06/2023-06-06/2023-06-06-174980.png,Global Sources HK
Facebook,apwg451514/2023-06/2023-06-06/2023-06-06-177016.png,Webmail Provider
Facebook,apwg451514/2023-06/2023-06-06/2023-06-06-179416.png,Daum
Facebook,apwg451514/2023-06/2023-06-06/2023-06-06-179571.png,Global Sources HK
Facebook,apwg451514/2023-06/2023-06-06/2023-06-06-181931.png,Global Sources HK
Facebook,apwg451514/2023-06/2023-06-06/2023-06-06-184671.png,Global Sources HK
Facebook,apwg451514/2023-06/2023-06-06/2023-06-06-186313.png,Global Sources HK
Facebook,apwg451514/2023-07/2023-07-10/2023-07-10-1636.png,dkb
Sparkasse,apwg451514/2023-07/2023-07-10/2023-07-10-3873.png,Sparkasse Bank
Facebook,apwg451514/2023-07/2023-07-10/2023-07-10-7151.png,dkb
Facebook,apwg451514/2023-07/2023-07-31/2023-07-31-10400.png,BT Group plc
Commonwealth Bank of Australia,apwg451514/2023-07/2023-07-31/2023-07-31-14402.png,Orange
Facebook,apwg451514/2023-07/2023-07-31/2023-07-31-14508.png,GoDaddy
Wells Fargo Bank,apwg451514/2023-07/2023-07-31/2023-07-31-17069.png,smiles
AT&T,apwg451514/2023-07/2023-07-01/2023-07-01-19630.png,Bank of Montreal
Facebook,apwg451514/2023-07/2023-07-01/2023-07-01-19684.png,dkb
Facebook,apwg451514/2023-07/2023-07-01/2023-07-01-19896.png,Global Sources HK
Facebook,apwg451514/2023-07/2023-07-01/2023-07-01-20170.png,dkb
Facebook,apwg451514/2023-07/2023-07-01/2023-07-01-20486.png,Global Sources HK
Facebook,apwg451514/2023-07/2023-07-14/2023-07-14-24274.png,BT Group plc
Facebook,apwg451514/2023-07/2023-07-14/2023-07-14-27428.png,grupo_bancolombia
Facebook,apwg451514/2023-07/2023-07-14/2023-07-14-28069.png,grupo_bancolombia
Facebook,apwg451514/2023-07/2023-07-14/2023-07-14-32083.png,GoDaddy
Facebook,apwg451514/2023-07/2023-07-14/2023-07-14-32991.png,grupo_bancolombia
Facebook,apwg451514/2023-07/2023-07-14/2023-07-14-33831.png,grupo_bancolombia
Facebook,apwg451514/2023-07/2023-07-14/2023-07-14-34323.png,grupo_bancolombia
Facebook,apwg451514/2023-07/2023-07-27/2023-07-27-35568.png,GoDaddy
Facebook,apwg451514/2023-07/2023-07-27/2023-07-27-35579.png,GoDaddy
Facebook,apwg451514/2023-07/2023-07-27/2023-07-27-35726.png,BT Group plc
Facebook,apwg451514/2023-07/2023-07-27/2023-07-27-35857.png,BT Group plc
Facebook,apwg451514/2023-07/2023-07-27/2023-07-27-37326.png,BT Group plc
Facebook,apwg451514/2023-07/2023-07-12/2023-07-12-37571.png,la_banque_postale
Facebook,apwg451514/2023-07/2023-07-12/2023-07-12-40956.png,Amazon
Facebook,apwg451514/2023-07/2023-07-12/2023-07-12-41297.png,Amazon
Facebook,apwg451514/2023-07/2023-07-12/2023-07-12-41518.png,la_banque_postale
Facebook,apwg451514/2023-07/2023-07-22/2023-07-22-45745.png,dkb
Facebook,apwg451514/2023-07/2023-07-09/2023-07-09-47582.png,BT Group plc
DHL,apwg451514/2023-07/2023-07-13/2023-07-13-49739.png,DHL
Facebook,apwg451514/2023-07/2023-07-13/2023-07-13-50298.png,Global Sources HK
Facebook,apwg451514/2023-07/2023-07-13/2023-07-13-52859.png,Global Sources HK
Facebook,apwg451514/2023-07/2023-07-08/2023-07-08-57589.png,
Facebook,apwg451514/2023-07/2023-07-08/2023-07-08-58761.png,dkb
Facebook,apwg451514/2023-07/2023-07-26/2023-07-26-60277.png,dkb
Facebook,apwg451514/2023-07/2023-07-26/2023-07-26-60760.png,dkb
Facebook,apwg451514/2023-07/2023-07-26/2023-07-26-62121.png,banco_de_occidente
Facebook,apwg451514/2023-07/2023-07-26/2023-07-26-62195.png,BT Group plc
Facebook,apwg451514/2023-07/2023-07-23/2023-07-23-62492.png,GoDaddy
WhatsApp,apwg451514/2023-07/2023-07-23/2023-07-23-63406.png,CaixaBank
Facebook,apwg451514/2023-07/2023-07-23/2023-07-23-63440.png,BT Group plc
Facebook,apwg451514/2023-07/2023-07-28/2023-07-28-69507.png,
Facebook,apwg451514/2023-07/2023-07-28/2023-07-28-70244.png,BT Group plc
Facebook,apwg451514/2023-07/2023-07-25/2023-07-25-71554.png,dkb
Facebook,apwg451514/2023-07/2023-07-25/2023-07-25-72287.png,
Facebook,apwg451514/2023-07/2023-07-25/2023-07-25-72359.png,BT Group plc
Facebook,apwg451514/2023-07/2023-07-25/2023-07-25-72709.png,Steam
Facebook,apwg451514/2023-07/2023-07-25/2023-07-25-73460.png,PayPal
Facebook,apwg451514/2023-07/2023-07-25/2023-07-25-73767.png,PayPal
Facebook,apwg451514/2023-07/2023-07-05/2023-07-05-75088.png,Webmail Provider
Facebook,apwg451514/2023-07/2023-07-29/2023-07-29-77523.png,PayPal
Facebook,apwg451514/2023-07/2023-07-29/2023-07-29-78725.png,walmart
Naver Corporation,apwg451514/2023-07/2023-07-29/2023-07-29-81359.png,Bank of Montreal
Facebook,apwg451514/2023-07/2023-07-15/2023-07-15-87723.png,dkb
Facebook,apwg451514/2023-07/2023-07-15/2023-07-15-88816.png,grupo_bancolombia
Facebook,apwg451514/2023-07/2023-07-18/2023-07-18-88895.png,
Facebook,apwg451514/2023-07/2023-07-18/2023-07-18-90247.png,
Facebook,apwg451514/2023-07/2023-07-18/2023-07-18-90746.png,
Facebook,apwg451514/2023-07/2023-07-16/2023-07-16-93029.png,Steam
Facebook,apwg451514/2023-07/2023-07-16/2023-07-16-94604.png,Steam
Facebook,apwg451514/2023-07/2023-07-04/2023-07-04-95354.png,
Facebook,apwg451514/2023-07/2023-07-06/2023-07-06-98281.png,dkb
Facebook,apwg451514/2023-07/2023-07-30/2023-07-30-101943.png,GoDaddy
Facebook,apwg451514/2023-07/2023-07-30/2023-07-30-102352.png,dkb
Facebook,apwg451514/2023-07/2023-07-07/2023-07-07-105256.png,BT Group plc
Facebook,apwg451514/2023-07/2023-07-07/2023-07-07-106201.png,BT Group plc
Facebook,apwg451514/2023-07/2023-07-07/2023-07-07-107810.png,dkb
Facebook,apwg451514/2023-07/2023-07-07/2023-07-07-112785.png,BT Group plc
Facebook,apwg451514/2023-07/2023-07-03/2023-07-03-113661.png,Made-In-China
Facebook,apwg451514/2023-07/2023-07-03/2023-07-03-115295.png,Made-In-China
Facebook,apwg451514/2023-07/2023-07-11/2023-07-11-116682.png,dkb
Facebook,apwg451514/2023-07/2023-07-11/2023-07-11-117342.png,dkb
Facebook,apwg451514/2023-07/2023-07-11/2023-07-11-117568.png,BT Group plc
Facebook,apwg451514/2023-07/2023-07-11/2023-07-11-117784.png,banco_de_occidente
Facebook,apwg451514/2023-07/2023-07-11/2023-07-11-118725.png,Webmail Provider
Facebook,apwg451514/2023-07/2023-07-24/2023-07-24-119841.png,BT Group plc
